source,target,distance,duration,pm
0,120,335,242,72.0930478377
0,309,401,329,61.6608872979
0,326,710,573,67.2092026481
0,166,753,566,77.7476749914
0,268,1001,750,67.269211196
0,5,957,699,76.9910188843
0,272,1011,846,48.07760091390001
0,149,992,786,81.7813531621
0,251,1260,1011,71.9381969224
1,338,570,442,60.8126910815
1,306,743,577,55.6059862308
1,294,628,491,70.9168956959
1,152,849,646,71.3841189542
1,74,847,626,75.3109547828
1,28,1211,967,76.4428413975
1,112,1311,1016,79.8724751456
1,18,1076,817,77.1657407476
1,222,1137,880,66.37464485859999
2,264,889,646,70.0731934033
2,184,909,681,60.8177868858
2,302,1329,1037,76.7783417243
2,138,1355,1004,68.8844873755
2,132,1285,1065,69.1875356347
2,282,1426,1061,65.9800547207
2,163,1425,1073,60.7025272429
2,226,1721,1335,67.95204228850001
2,342,1737,1337,71.53704598770001
3,177,632,507,82.8829616046
3,15,819,612,82.66253574779999
3,111,1238,902,70.93111600659999
3,55,1224,981,71.0529137571
3,253,1558,1224,78.0665201707
3,332,1257,981,67.6554981801
3,11,1328,1001,61.66656297390001
3,82,1491,1183,73.57972019600001
3,299,1911,1504,66.710135421
4,27,432,337,71.1402668045
4,165,556,401,43.5423933819
4,139,704,543,78.33771847850001
4,257,659,511,67.0741025388
4,150,792,578,76.7812260557
4,65,904,711,79.7640361795
4,260,814,621,69.987682799
4,41,1088,830,67.5753996258
4,100,965,746,54.5192404776
5,272,405,337,48.07760091390001
5,195,485,340,55.4870826708
5,120,972,800,72.0930478377
5,326,850,719,67.2092026481
5,133,907,697,61.452211193000004
5,67,705,572,71.3257727816
5,308,868,730,83.8734698308
5,244,973,694,73.9788415564
5,0,957,795,63.027657875
6,281,409,276,72.5318286267
6,315,746,620,79.9585255857
6,89,792,556,61.3296155598
6,102,652,521,94.93728557040001
6,98,564,388,70.6516892842
6,250,752,541,59.4316808904
6,26,622,555,77.2854769087
6,335,1154,881,70.5791503184
6,57,1156,818,79.7970072921
7,75,381,277,73.7024580651
7,259,353,294,73.7665396324
7,346,563,449,69.3739588173
7,63,441,308,77.0884917602
7,97,573,410,56.8320623285
7,198,460,349,89.7953549309
7,85,560,415,74.5192949252
7,146,639,453,75.3200530245
7,168,779,651,68.8737698393
8,78,482,338,68.670324345
8,298,584,430,84.1459358039
8,191,628,436,79.4434469327
8,48,528,405,85.5014569162
8,207,735,539,67.8991732946
8,275,664,488,73.46672758369998
8,136,1001,719,63.59076869720001
8,104,1289,901,77.4033087035
8,10,1063,802,68.5036702937
9,235,592,472,80.4685940834
9,83,685,479,76.31658127680001
9,108,921,662,79.4089913448
9,205,1022,765,75.9494451633
9,217,1324,959,60.296474374700004
9,76,1839,1352,93.6568443297
9,265,1710,1236,55.601103425699996
9,337,2217,1615,60.25158996800001
9,229,1900,1421,73.3096244056
10,275,423,299,73.46672758369998
10,26,480,328,77.2854769087
10,87,880,637,95.77306695530001
10,136,788,565,63.59076869720001
10,16,1034,733,66.8975586539
10,315,867,600,79.9585255857
10,245,1032,689,51.38666189510001
10,78,992,724,68.670324345
10,57,1226,856,79.7970072921
11,289,400,302,77.23967801100001
11,116,594,490,68.9461574578
11,15,522,374,82.66253574779999
11,55,538,456,71.0529137571
11,82,769,630,73.57972019600001
11,105,789,613,80.3006708206
11,301,872,685,71.1340580299
11,124,1022,764,85.2104830656
11,84,1326,1015,68.175690578
12,317,399,257,62.1369312726
12,251,758,595,71.9381969224
12,210,995,692,70.9531500802
12,118,1679,1239,77.6481734864
12,0,2020,1498,63.027657875
12,166,2109,1579,77.7476749914
12,149,1567,1174,81.7813531621
12,130,1724,1229,79.4480830286
12,319,1766,1317,65.854832127
13,330,635,431,65.42609246
13,125,1051,828,78.4134348602
13,61,1244,906,72.3877267642
13,91,1512,1080,67.9098923457
13,95,1096,782,64.9384285121
13,238,1355,1038,75.8402680207
13,93,1275,949,58.747159598
13,283,1888,1456,60.528156464700004
13,277,1565,1214,81.78722889689999
14,265,430,311,55.601103425699996
14,92,864,621,77.1766881104
14,305,777,577,76.0527870076
14,220,992,735,61.1917454339
14,21,839,653,88.2752636484
14,217,1006,755,60.296474374700004
14,287,1033,738,76.2765884656
14,337,1104,828,60.25158996800001
14,23,1241,945,86.9757323843
15,11,519,400,61.66656297390001
15,55,725,603,71.0529137571
15,3,819,597,80.3057668322
15,289,751,572,77.23967801100001
15,116,1015,816,68.9461574578
15,82,992,805,73.57972019600001
15,177,1090,829,82.8829616046
15,253,1281,1016,78.0665201707
15,105,1252,979,80.3006708206
16,72,641,433,58.2540208372
16,87,575,477,95.77306695530001
16,267,458,404,67.5158540742
16,115,789,576,54.8618918342
16,69,584,386,89.81978876790001
16,136,829,780,63.59076869720001
16,10,1035,959,68.5036702937
16,214,1037,745,67.8202577155
16,57,852,633,79.7970072921
17,325,297,219,64.669227351
17,273,367,297,93.700298358
17,22,398,280,60.9683429662
17,215,610,439,86.3283618559
17,168,682,512,68.8737698393
17,346,844,650,69.3739588173
17,295,632,497,70.154086959
17,167,774,587,75.1291291517
17,31,871,686,78.9811414735
18,47,475,351,77.6106889508
18,152,595,441,71.3841189542
18,214,667,512,67.8202577155
18,126,893,659,74.4471212377
18,338,677,534,60.8126910815
18,70,920,684,70.48351104449999
18,236,784,582,69.90468507770001
18,72,1336,1033,58.2540208372
18,148,1568,1187,83.6651037068
19,321,914,655,49.5888810612
19,37,1251,926,48.3707316667
19,164,1476,1079,65.5982412424
19,44,2172,1586,91.3705713807
19,347,4161,3036,80.5187830018
19,33,4124,3072,85.8128491799
19,42,5110,3844,63.0527347267
19,341,3444,2517,65.7374033112
19,229,1932,1466,73.3096244056
20,204,370,301,74.58484241859999
20,261,615,486,72.49729137770001
20,84,507,388,68.175690578
20,46,539,402,71.6928034532
20,38,787,593,80.2301821824
20,155,639,556,58.641771159399994
20,82,1099,874,73.57972019600001
20,201,1250,949,81.6700883909
20,151,765,616,67.51764459479999
21,23,436,318,86.9757323843
21,337,569,398,60.25158996800001
21,305,592,413,76.0527870076
21,171,613,472,58.4221086701
21,220,1013,722,61.1917454339
21,135,865,645,83.2225262497
21,90,988,709,73.878624965
21,345,1092,802,60.9452905171
21,14,839,591,76.777572239
22,215,481,378,86.3283618559
22,325,572,449,64.669227351
22,17,398,326,67.9958824949
22,167,591,436,75.1291291517
22,273,697,569,93.700298358
22,187,586,396,84.70942246770001
22,249,737,528,67.1043408291
22,122,866,653,64.462857676
22,346,956,731,69.3739588173
23,21,436,326,88.2752636484
23,135,429,330,83.2225262497
23,171,499,392,58.4221086701
23,345,672,497,60.9452905171
23,305,556,391,76.0527870076
23,337,770,555,60.25158996800001
23,220,977,700,61.1917454339
23,209,940,716,81.20876843479999
23,124,943,720,85.2104830656
24,110,696,495,55.635152385699996
24,84,598,460,68.175690578
24,46,762,554,71.6928034532
24,105,787,664,80.3006708206
24,209,938,724,81.20876843479999
24,34,646,440,85.3564679043
24,114,599,455,73.96164514670002
24,290,1017,745,80.1331186482
24,60,935,648,81.6161554528
25,148,477,352,83.6651037068
25,99,426,341,70.08880067359999
25,290,715,514,80.1331186482
25,38,691,501,80.2301821824
25,270,623,445,64.8311243828
25,112,845,631,79.8724751456
25,110,1088,781,55.635152385699996
25,261,1050,801,72.49729137770001
25,46,1202,880,71.6928034532
26,315,384,269,79.9585255857
26,10,480,377,68.5036702937
26,281,670,514,72.5318286267
26,87,1191,873,95.77306695530001
26,6,622,436,79.56075235770001
26,275,594,444,73.46672758369998
26,245,975,658,51.38666189510001
26,57,1172,873,79.7970072921
26,102,1088,774,94.93728557040001
27,139,267,207,78.33771847850001
27,257,379,294,67.0741025388
27,4,432,318,86.04048798950001
27,100,577,447,54.5192404776
27,41,813,626,67.5753996258
27,194,799,622,67.2482267802
27,260,549,424,69.987682799
27,66,714,557,62.377271960600005
27,165,995,722,43.5423933819
28,113,529,421,85.507360565
28,294,793,589,70.9168956959
28,306,557,394,55.6059862308
28,222,908,681,66.37464485859999
28,157,1030,774,62.1486378799
28,112,757,558,79.8724751456
28,240,832,676,57.088533131999995
28,242,914,713,65.5043449035
28,322,951,717,62.051770852
29,121,440,318,52.7749660718
29,255,359,284,62.698390911400004
29,80,495,403,81.1898640724
29,258,646,508,72.9244282366
29,159,743,596,73.0199010585
29,179,672,496,73.3533865479
29,85,714,488,74.5192949252
29,194,988,722,67.2482267802
29,198,788,573,89.7953549309
30,287,398,324,76.2765884656
30,150,587,439,76.7812260557
30,165,784,602,43.5423933819
30,92,907,715,77.1766881104
30,274,1142,882,69.9193069262
30,4,1263,962,86.04048798950001
30,65,1298,1011,79.7640361795
30,56,1546,1207,45.552062742
30,192,1658,1255,80.5927926709
31,276,260,191,63.2281196023
31,295,546,412,70.154086959
31,140,560,421,75.2367904404
31,273,619,443,93.700298358
31,174,750,561,66.4031129784
31,40,857,621,75.8165504817
31,17,871,618,67.9958824949
31,324,928,674,64.1335131941
31,123,985,734,63.4219650863
32,62,270,218,92.94150523489999
32,66,337,245,62.377271960600005
32,100,525,398,54.5192404776
32,53,469,335,62.7583762459
32,97,585,448,56.8320623285
32,232,642,481,82.9287572766
32,194,716,575,67.2482267802
32,85,811,634,74.5192949252
32,257,667,514,67.0741025388
33,313,335,254,67.72113476770001
33,341,672,469,65.7374033112
33,202,982,764,76.03960916279999
33,199,793,573,72.6879923273
33,296,1185,933,81.73152426770001
33,293,1238,966,81.2891103011
33,192,1113,816,80.5927926709
33,142,1050,843,67.6734947167
33,161,1074,811,99.98156291020001
34,60,289,208,81.6161554528
34,35,421,319,75.9632200282
34,114,636,501,73.96164514670002
34,110,521,403,55.635152385699996
34,24,646,511,85.7473585269
34,290,842,646,80.1331186482
34,291,857,649,82.4871563716
34,318,1085,805,74.25131940680001
34,334,1004,744,65.7226614057
35,60,370,262,81.6161554528
35,34,421,309,85.3564679043
35,114,574,450,73.96164514670002
35,291,410,300,82.4871563716
35,334,707,504,65.7226614057
35,127,813,631,85.4892212167
35,318,1128,841,74.25131940680001
35,345,1164,907,60.9452905171
35,110,942,712,55.635152385699996
36,193,241,194,71.9249263424
36,206,485,346,73.06063161659999
36,141,392,275,74.4357256836
36,239,484,358,72.6806896267
36,173,558,391,57.1141433037
36,158,663,508,93.2356838171
36,79,693,514,74.1478617835
36,175,1020,716,73.6499238726
36,88,756,556,67.0772180219
37,321,683,490,49.5888810612
37,164,1081,781,65.5982412424
37,229,902,724,73.3096244056
37,19,1250,935,60.586137147799995
37,44,2140,1553,91.3705713807
37,347,4128,3028,80.5187830018
37,341,3421,2521,65.7374033112
37,33,4101,3076,85.8128491799
37,83,2345,1775,76.31658127680001
38,261,447,367,72.49729137770001
38,46,511,379,71.6928034532
38,290,614,449,80.1331186482
38,99,979,752,70.08880067359999
38,20,787,596,69.1429609991
38,25,691,514,64.5694833772
38,201,650,506,81.6700883909
38,110,767,552,55.635152385699996
38,155,1027,844,58.641771159399994
39,247,358,260,84.185027625
39,81,385,296,69.18588285770001
39,145,1000,765,73.0198705199
39,314,741,548,88.7480163458
39,197,848,653,69.5661934046
39,218,922,675,70.8090481686
39,279,1308,960,77.58341363310001
39,143,1395,1038,77.0316701149
39,190,1156,840,76.2721221332
40,123,479,370,63.4219650863
40,200,582,446,73.6288779035
40,67,499,394,71.3257727816
40,174,479,346,66.4031129784
40,276,749,560,63.2281196023
40,244,577,400,73.9788415564
40,344,793,605,67.6222090507
40,31,857,643,78.9811414735
40,273,797,580,93.700298358
41,194,430,337,67.2482267802
41,139,379,274,78.33771847850001
41,80,632,548,81.1898640724
41,280,785,661,73.1846690552
41,27,646,476,71.1402668045
41,100,652,488,54.5192404776
41,121,775,604,52.7749660718
41,257,750,558,67.0741025388
41,29,1041,879,61.2441039757
42,161,564,455,99.98156291020001
42,129,837,666,53.556469353900006
42,203,1167,939,64.7720549741
42,142,1483,1191,67.6734947167
42,43,1585,1271,68.7891225744
42,33,1112,854,85.8128491799
42,185,1823,1446,57.863476116499996
42,64,1855,1496,76.4300580715
42,313,1449,1111,67.72113476770001
43,142,325,243,67.6734947167
43,185,366,305,57.863476116499996
43,203,526,392,64.7720549741
43,336,597,470,65.8663886407
43,64,686,585,76.4300580715
43,296,730,542,81.73152426770001
43,278,964,769,68.9933087846
43,161,1117,820,99.98156291020001
43,202,877,640,76.03960916279999
44,347,1999,1488,80.5187830018
44,341,1269,953,65.7374033112
44,164,1086,847,65.5982412424
44,192,1087,852,80.5927926709
44,199,1219,961,72.6879923273
44,313,1614,1270,67.72113476770001
44,321,1555,1204,49.5888810612
44,274,1430,1102,69.9193069262
44,33,1949,1508,85.8128491799
45,340,955,689,64.1130886905
45,302,815,630,76.7783417243
45,138,767,543,68.8844873755
45,342,1141,869,71.53704598770001
45,264,1256,894,70.0731934033
45,2,1712,1263,53.5807796005
45,246,1875,1388,89.0083571717
45,282,1568,1154,65.9800547207
45,117,2460,1825,81.5101077422
46,38,511,393,80.2301821824
46,110,435,311,55.635152385699996
46,84,540,431,68.175690578
46,290,809,594,80.1331186482
46,20,539,414,69.1429609991
46,24,763,571,85.7473585269
46,261,702,573,72.49729137770001
46,25,1202,907,64.5694833772
46,105,1117,923,80.3006708206
47,126,462,334,74.4471212377
47,18,475,351,77.1657407476
47,152,527,391,71.3841189542
47,236,646,479,69.90468507770001
47,214,1059,802,67.8202577155
47,70,1030,763,70.48351104449999
47,148,1137,862,83.6651037068
47,288,966,752,74.8130423798
47,270,1503,1133,64.8311243828
48,8,528,414,58.8756459072
48,207,685,506,67.8991732946
48,191,918,675,79.4434469327
48,298,675,479,84.1459358039
48,219,1113,783,86.88339652110001
48,78,1010,753,68.670324345
48,320,1353,968,72.9389813864
48,130,1214,877,79.4480830286
48,186,1157,849,87.8359656847
49,303,989,747,66.6600238788
49,223,562,401,80.0680664021
49,15,2149,1539,82.66253574779999
49,3,1810,1286,80.3057668322
49,289,1713,1229,77.23967801100001
49,11,2081,1503,61.66656297390001
49,124,1843,1334,85.2104830656
49,90,1778,1269,73.878624965
49,76,1507,1067,93.6568443297
50,71,441,325,72.3600032368
50,286,376,302,65.5125120438
50,101,737,548,82.2326195463
50,239,740,528,72.6806896267
50,162,634,489,67.7696183045
50,73,735,521,80.0827003231
50,144,699,484,74.8199191123
50,119,1120,812,72.781853626
50,316,1087,801,80.4903853552
51,181,461,389,54.627103762299996
51,96,816,632,83.7300167686
51,79,894,668,74.1478617835
51,248,578,447,61.4663473971
51,213,796,578,49.9237763459
51,173,893,632,57.1141433037
51,133,1111,859,61.452211193000004
51,193,1043,810,71.9249263424
51,154,825,611,88.2140044831
52,271,647,479,74.14765543899999
52,53,600,467,62.7583762459
52,260,633,464,69.987682799
52,291,499,398,82.4871563716
52,334,707,542,65.7226614057
52,66,620,508,62.377271960600005
52,262,843,658,76.4636465651
52,32,935,722,65.3059061944
52,257,872,690,67.0741025388
53,32,469,347,65.3059061944
53,232,650,490,82.9287572766
53,262,547,406,76.4636465651
53,52,600,473,64.7828728511
53,66,568,419,62.377271960600005
53,62,662,514,92.94150523489999
53,97,738,568,56.8320623285
53,334,775,598,65.7226614057
53,100,786,596,54.5192404776
54,241,357,241,60.021995610699996
54,169,809,646,75.33710186260001
54,277,519,396,81.78722889689999
54,278,618,493,68.9933087846
54,58,728,569,71.9299716552
54,221,900,683,75.5059659219
54,238,742,568,75.8402680207
54,153,776,612,79.9387593446
54,64,1409,1088,76.4300580715
55,82,267,202,73.57972019600001
55,116,329,256,68.9461574578
55,11,541,383,61.66656297390001
55,15,726,512,82.66253574779999
55,253,684,502,78.0665201707
55,84,1077,769,68.175690578
55,105,861,645,80.3006708206
55,289,941,685,77.23967801100001
55,204,1228,879,74.58484241859999
56,274,434,300,69.9193069262
56,147,536,389,67.5403061262
56,131,625,503,84.8564642506
56,269,594,436,78.4049566324
56,65,622,455,79.7640361795
56,192,807,569,80.5927926709
56,300,912,704,73.9066280355
56,199,936,704,72.6879923273
56,182,1218,918,76.1260145942
57,69,484,347,89.81978876790001
57,87,457,428,95.77306695530001
57,281,747,567,72.5318286267
57,26,1174,1062,77.2854769087
57,16,851,683,66.8975586539
57,72,1031,768,58.2540208372
57,89,1043,779,61.3296155598
57,315,1298,1126,79.9585255857
57,6,1155,943,79.56075235770001
58,278,336,262,68.9933087846
58,241,467,362,60.021995610699996
58,153,675,567,79.9387593446
58,54,728,618,57.4199192507
58,119,742,608,72.781853626
58,336,1256,976,65.8663886407
58,212,919,703,50.5839205185
58,185,924,676,57.863476116499996
58,221,842,659,75.5059659219
59,122,510,368,64.462857676
59,267,455,324,67.5158540742
59,249,501,337,67.1043408291
59,136,616,527,63.59076869720001
59,104,568,442,77.4033087035
59,78,987,787,68.670324345
59,115,765,519,54.8618918342
59,187,1021,696,84.70942246770001
59,191,1092,847,79.4434469327
60,34,289,219,85.3564679043
60,35,370,286,75.9632200282
60,114,925,720,73.96164514670002
60,318,832,628,74.25131940680001
60,334,710,532,65.7226614057
60,110,598,462,55.635152385699996
60,291,746,560,82.4871563716
60,290,919,705,80.1331186482
60,270,1109,856,64.8311243828
61,283,600,501,60.528156464700004
61,208,632,516,63.37256966020001
61,93,647,515,58.747159598
61,91,850,621,67.9098923457
61,13,1243,978,88.44241252379999
61,238,1262,1011,75.8402680207
61,125,1745,1393,78.4134348602
61,156,1730,1311,86.85620474219999
61,330,1408,1077,65.42609246
62,32,270,185,65.3059061944
62,97,499,365,56.8320623285
62,85,617,471,74.5192949252
62,66,606,430,62.377271960600005
62,100,500,365,54.5192404776
62,53,662,471,62.7583762459
62,232,641,464,82.9287572766
62,75,872,644,73.7024580651
62,194,650,510,67.2482267802
63,146,220,164,75.3200530245
63,228,410,297,66.635230758
63,7,441,343,83.1785942079
63,97,431,317,56.8320623285
63,232,662,476,82.9287572766
63,346,718,584,69.3739588173
63,75,776,584,73.7024580651
63,259,794,637,73.7665396324
63,254,723,536,66.6649921522
64,185,320,259,57.863476116499996
64,221,577,457,75.5059659219
64,203,727,550,64.7720549741
64,278,791,626,68.9933087846
64,43,687,566,68.7891225744
64,142,1012,809,67.6734947167
64,58,1128,862,71.9299716552
64,54,1410,1149,57.4199192507
64,277,1061,837,81.78722889689999
65,131,583,492,84.8564642506
65,56,622,496,45.552062742
65,280,704,591,73.1846690552
65,150,711,514,76.7812260557
65,4,904,665,86.04048798950001
65,274,759,568,69.9193069262
65,139,1007,743,78.33771847850001
65,27,1049,780,71.1402668045
65,41,1018,766,67.5753996258
66,100,240,219,54.5192404776
66,32,337,256,65.3059061944
66,257,332,271,67.0741025388
66,62,606,473,92.94150523489999
66,194,462,407,67.2482267802
66,53,568,419,62.7583762459
66,260,766,582,69.987682799
66,27,714,575,71.1402668045
66,139,705,573,78.33771847850001
67,40,499,370,75.8165504817
67,195,467,335,55.4870826708
67,244,568,380,73.9788415564
67,174,812,597,66.4031129784
67,308,734,594,83.8734698308
67,272,737,575,48.07760091390001
67,186,822,643,87.8359656847
67,200,715,552,73.6288779035
67,5,705,523,76.9910188843
68,297,365,287,62.9668989318
68,307,351,269,73.9549985055
68,103,646,516,82.6864804786
68,224,533,396,70.6572126001
68,128,846,646,63.5558973763
68,312,771,599,75.1399918203
68,323,1015,797,72.1587172494
68,189,1315,986,98.6161597459
68,216,877,656,74.9393993009
69,57,484,382,79.7970072921
69,87,756,648,95.77306695530001
69,72,542,408,58.2540208372
69,16,584,480,66.8975586539
69,214,1182,875,67.8202577155
69,281,1182,915,72.5318286267
69,26,1563,1364,77.2854769087
69,10,1578,1401,68.5036702937
69,115,1171,915,54.8618918342
70,214,374,277,67.8202577155
70,288,437,337,74.8130423798
70,236,624,445,69.90468507770001
70,115,518,410,54.8618918342
70,72,722,556,58.2540208372
70,187,755,597,84.70942246770001
70,47,1030,778,77.6106889508
70,18,920,700,77.1657407476
70,254,931,728,66.6649921522
71,50,441,340,80.4023501608
71,73,375,247,80.0827003231
71,101,380,297,82.2326195463
71,316,666,482,80.4903853552
71,144,479,322,74.8199191123
71,119,735,536,72.781853626
71,286,817,642,65.5125120438
71,239,861,638,72.6806896267
71,212,819,598,50.5839205185
72,214,669,507,67.8202577155
72,16,684,550,66.8975586539
72,69,542,407,89.81978876790001
72,70,722,547,70.48351104449999
72,115,629,507,54.8618918342
72,87,1051,874,95.77306695530001
72,267,908,791,67.5158540742
72,18,1336,1007,77.1657407476
72,57,1031,803,79.7970072921
73,71,375,305,72.3600032368
73,144,503,370,74.8199191123
73,316,500,371,80.4903853552
73,160,604,420,77.06697458939999
73,182,756,501,76.1260145942
73,50,735,595,80.4023501608
73,101,746,600,82.2326195463
73,175,1006,756,73.6499238726
73,239,1044,793,72.6806896267
74,216,360,285,74.9393993009
74,294,799,630,70.9168956959
74,312,676,539,75.1399918203
74,222,887,717,66.37464485859999
74,323,946,768,72.1587172494
74,1,847,636,78.8726802496
74,307,887,694,73.9549985055
74,128,1151,894,63.5558973763
74,28,1447,1154,76.4428413975
75,198,217,178,89.7953549309
75,85,378,285,74.5192949252
75,259,385,311,73.7665396324
75,7,381,285,83.1785942079
75,179,611,541,73.3533865479
75,97,590,413,56.8320623285
75,346,771,599,69.3739588173
75,255,671,591,62.698390911400004
75,62,868,620,92.94150523489999
76,90,593,439,73.878624965
76,337,711,527,60.25158996800001
76,108,1023,805,79.4089913448
76,171,1065,819,58.4221086701
76,124,1221,927,85.2104830656
76,217,1037,798,60.296474374700004
76,21,1246,964,88.2752636484
76,205,1412,1090,75.9494451633
76,223,942,723,80.0680664021
77,180,489,448,75.6398021621
77,237,850,683,62.1561504265
77,285,674,531,56.675571910600006
77,137,563,403,91.9293145192
77,102,988,867,94.93728557040001
77,335,1135,934,70.5791503184
77,266,1013,792,74.9648619104
77,250,1508,1159,59.4316808904
77,86,1373,1006,67.8222755921
78,191,534,378,79.4434469327
78,136,537,400,63.59076869720001
78,8,482,365,58.8756459072
78,207,642,487,67.8991732946
78,104,961,666,77.4033087035
78,59,987,678,86.9113598225
78,275,958,715,73.46672758369998
78,10,992,760,68.5036702937
78,267,1251,916,67.5158540742
79,193,452,364,71.9249263424
79,154,512,380,88.2140044831
79,51,856,657,68.5836527335
79,36,693,554,67.475269297
79,173,598,422,57.1141433037
79,181,963,776,54.627103762299996
79,183,745,607,63.9798558446
79,206,817,632,73.06063161659999
79,279,1038,813,77.58341363310001
80,258,504,400,72.9244282366
80,29,495,435,61.2441039757
80,280,568,442,73.1846690552
80,41,632,451,67.5753996258
80,121,635,499,52.7749660718
80,194,581,434,67.2482267802
80,255,826,685,62.698390911400004
80,159,950,779,73.0199010585
80,139,1011,725,78.33771847850001
81,39,385,301,70.7502212608
81,247,637,483,84.185027625
81,197,458,349,69.5661934046
81,145,648,507,73.0198705199
81,225,1376,1026,72.3210036551
81,218,764,594,70.8090481686
81,314,1127,849,88.7480163458
81,109,1007,787,61.7030344539
81,226,1092,765,67.95204228850001
82,55,267,202,71.0529137571
82,116,560,439,68.9461574578
82,253,423,306,78.0665201707
82,204,959,674,74.58484241859999
82,11,772,558,61.66656297390001
82,84,846,597,68.175690578
82,151,843,611,67.51764459479999
82,15,992,714,82.66253574779999
82,20,1099,792,69.1429609991
83,217,638,498,60.296474374700004
83,9,685,574,71.54948504069999
83,108,617,465,79.4089913448
83,265,1043,770,55.601103425699996
83,235,1212,995,80.4685940834
83,205,1180,940,75.9494451633
83,14,1474,1118,76.777572239
83,76,1529,1162,93.6568443297
83,337,1589,1212,60.25158996800001
84,46,540,396,71.6928034532
84,20,507,375,69.1429609991
84,24,598,446,85.7473585269
84,105,594,505,80.3006708206
84,116,780,651,68.9461574578
84,82,846,670,73.57972019600001
84,204,859,653,74.58484241859999
84,110,975,707,55.635152385699996
84,55,1077,848,71.0529137571
85,75,378,275,73.7024580651
85,198,424,320,89.7953549309
85,121,447,336,52.7749660718
85,62,617,437,92.94150523489999
85,259,671,513,73.7665396324
85,7,560,409,83.1785942079
85,97,634,449,56.8320623285
85,255,705,612,62.698390911400004
85,32,811,566,65.3059061944
86,250,538,438,59.4316808904
86,98,962,709,70.6516892842
86,137,916,690,91.9293145192
86,180,1063,879,75.6398021621
86,89,1259,934,61.3296155598
86,102,1346,1140,94.93728557040001
86,6,1291,1050,79.56075235770001
86,77,1373,1043,62.728582805100004
86,281,1686,1283,72.5318286267
87,57,457,340,79.7970072921
87,16,575,408,66.8975586539
87,69,756,517,89.81978876790001
87,10,880,790,68.5036702937
87,26,1191,990,77.2854769087
87,72,997,676,58.2540208372
87,281,901,644,72.5318286267
87,315,1296,1055,79.9585255857
87,136,954,827,63.59076869720001
88,243,236,183,82.86850557140001
88,158,469,328,93.2356838171
88,304,501,394,61.4008508903
88,175,611,441,73.6499238726
88,141,387,287,74.4357256836
88,159,481,377,73.0199010585
88,333,755,534,72.3674245333
88,206,705,499,73.06063161659999
88,324,719,554,64.1335131941
89,98,311,228,70.6516892842
89,281,543,440,72.5318286267
89,6,793,692,79.56075235770001
89,250,790,624,59.4316808904
89,315,1340,1182,79.9585255857
89,57,1042,801,79.7970072921
89,86,1259,927,67.8222755921
89,26,1216,1118,77.2854769087
89,102,1332,1117,94.93728557040001
90,76,591,451,93.6568443297
90,171,702,546,58.4221086701
90,337,453,341,60.25158996800001
90,124,628,488,85.2104830656
90,21,988,778,88.2752636484
90,23,1052,834,86.9757323843
90,135,1275,980,83.2225262497
90,223,1215,941,80.0680664021
90,301,1261,988,71.1340580299
91,330,1150,893,65.42609246
91,61,850,677,72.3877267642
91,95,1068,811,64.9384285121
91,283,962,810,60.528156464700004
91,13,1512,1195,88.44241252379999
91,156,1249,947,86.85620474219999
91,196,1032,842,73.0925962447
91,311,1592,1270,71.93896763720001
91,208,1450,1181,63.37256966020001
92,287,510,365,76.2765884656
92,165,1255,970,43.5423933819
92,14,864,684,76.777572239
92,220,741,568,61.1917454339
92,30,907,691,80.85567106149999
92,305,832,660,76.0527870076
92,150,1066,833,76.7812260557
92,4,1734,1340,86.04048798950001
92,271,1546,1138,74.14765543899999
93,208,532,432,63.37256966020001
93,238,782,617,75.8402680207
93,61,647,448,72.3877267642
93,169,715,591,75.33710186260001
93,283,1169,900,60.528156464700004
93,277,1327,1027,81.78722889689999
93,54,1525,1168,57.4199192507
93,125,1778,1377,78.4134348602
93,211,1233,1015,65.8157864961
94,343,486,397,78.9897554476
94,292,660,492,63.241937908800004
94,224,1142,852,70.6572126001
94,189,1367,1010,98.6161597459
94,68,1663,1231,64.209227948
94,103,2272,1702,82.6864804786
94,297,1991,1473,62.9668989318
94,128,1913,1439,63.5558973763
94,331,1802,1342,64.0516170237
95,330,461,377,65.42609246
95,311,1077,868,71.93896763720001
95,196,1057,886,73.0925962447
95,91,1068,799,67.9098923457
95,13,1096,901,88.44241252379999
95,106,1690,1358,79.0408366332
95,61,1787,1393,72.3877267642
95,156,2040,1555,86.85620474219999
95,283,2012,1602,60.528156464700004
96,133,466,371,61.452211193000004
96,248,427,314,61.4663473971
96,51,817,613,68.5836527335
96,213,789,555,49.9237763459
96,263,960,771,75.9255085876
96,181,843,641,54.627103762299996
96,190,764,592,76.2721221332
96,195,805,569,55.4870826708
96,327,842,621,61.3202421257
97,232,337,235,82.9287572766
97,63,431,309,77.0884917602
97,62,499,366,92.94150523489999
97,7,573,436,83.1785942079
97,228,520,372,66.635230758
97,32,586,417,65.3059061944
97,75,590,440,73.7024580651
97,85,634,471,74.5192949252
97,146,651,473,75.3200530245
98,89,311,239,61.3296155598
98,250,493,410,59.4316808904
98,6,564,525,79.56075235770001
98,281,738,588,72.5318286267
98,86,962,713,67.8222755921
98,315,1248,1084,79.9585255857
98,102,1035,909,94.93728557040001
98,57,1353,1040,79.7970072921
98,26,1187,1081,77.2854769087
99,112,652,467,79.8724751456
99,25,426,319,64.5694833772
99,201,550,402,81.6700883909
99,38,979,719,80.2301821824
99,157,506,368,62.1486378799
99,261,996,749,72.49729137770001
99,148,857,615,83.6651037068
99,306,1198,848,55.6059862308
99,290,1143,834,80.1331186482
100,66,240,191,62.377271960600005
100,194,228,192,67.2482267802
100,257,500,387,67.0741025388
100,32,501,358,65.3059061944
100,139,557,419,78.33771847850001
100,62,500,376,92.94150523489999
100,27,577,436,71.1402668045
100,41,652,512,67.5753996258
100,260,958,728,69.987682799
101,119,405,309,72.781853626
101,162,531,413,67.7696183045
101,71,380,283,72.3600032368
101,50,738,551,80.4023501608
101,153,460,341,79.9387593446
101,212,809,578,50.5839205185
101,316,656,462,80.4903853552
101,286,914,703,65.5125120438
101,73,746,528,80.0827003231
102,180,517,368,75.6398021621
102,335,503,360,70.5791503184
102,6,652,441,79.56075235770001
102,315,704,528,79.9585255857
102,250,780,532,59.4316808904
102,77,989,682,62.728582805100004
102,245,884,623,51.38666189510001
102,281,1042,700,72.5318286267
102,26,1088,850,77.2854769087
103,297,280,190,62.9668989318
103,68,645,479,64.209227948
103,307,640,472,73.9549985055
103,323,721,554,72.1587172494
103,224,1176,873,70.6572126001
103,310,1364,1007,80.6914290024
103,322,1340,1024,62.051770852
103,312,1093,835,75.1399918203
103,128,1332,992,63.5558973763
104,320,417,332,72.9389813864
104,344,581,447,67.6222090507
104,191,661,513,79.4434469327
104,122,723,485,64.462857676
104,59,568,406,86.9113598225
104,207,884,711,67.8991732946
104,200,761,586,73.6288779035
104,78,961,747,68.670324345
104,123,767,588,63.4219650863
105,301,542,407,71.1340580299
105,116,527,424,68.9461574578
105,209,498,362,81.20876843479999
105,84,594,444,68.175690578
105,24,770,580,85.7473585269
105,11,789,572,61.66656297390001
105,289,981,707,77.23967801100001
105,135,1027,744,83.2225262497
105,55,861,671,71.0529137571
106,311,626,445,71.93896763720001
106,196,664,477,73.0925962447
106,339,1139,856,85.1274876709
106,95,1690,1217,64.9384285121
106,176,1967,1482,69.7429770467
106,330,2010,1472,65.42609246
106,188,2614,1968,67.37301938510001
106,91,1667,1175,67.9098923457
106,156,2510,1805,86.85620474219999
107,327,419,315,61.3202421257
107,324,480,349,64.1335131941
107,213,540,394,49.9237763459
107,173,563,398,57.1141433037
107,206,760,533,73.06063161659999
107,140,575,445,75.2367904404
107,248,804,588,61.4663473971
107,304,983,736,61.4008508903
107,276,764,604,63.2281196023
108,205,563,465,75.9494451633
108,217,603,450,60.296474374700004
108,9,921,739,71.54948504069999
108,83,601,429,76.31658127680001
108,235,1198,965,80.4685940834
108,76,994,758,93.6568443297
108,337,1307,968,60.25158996800001
108,265,1178,870,55.601103425699996
108,90,1572,1173,73.878624965
109,145,442,344,73.0198705199
109,268,583,428,67.269211196
109,309,575,460,61.6608872979
109,190,833,577,76.2721221332
109,263,692,499,75.9255085876
109,166,1088,814,77.7476749914
109,231,1093,777,82.0451668365
109,118,1418,1036,77.6481734864
109,0,976,730,63.027657875
110,290,373,283,80.1331186482
110,46,435,334,71.6928034532
110,24,696,538,85.7473585269
110,34,521,374,85.3564679043
110,60,598,424,81.6161554528
110,38,767,584,80.2301821824
110,114,912,698,73.96164514670002
110,84,975,765,68.175690578
110,35,942,693,75.9632200282
111,332,438,376,67.6554981801
111,177,720,565,82.8829616046
111,252,1049,860,56.9405175212
111,3,1238,899,80.3057668322
111,299,1092,903,66.710135421
111,230,1402,1132,84.8557757647
111,253,1414,1121,78.0665201707
111,151,1560,1247,67.51764459479999
111,15,1699,1258,82.66253574779999
112,99,652,499,70.08880067359999
112,306,568,398,55.6059862308
112,157,645,493,62.1486378799
112,113,611,489,85.507360565
112,25,845,642,64.5694833772
112,338,999,715,60.8126910815
112,201,1103,826,81.6700883909
112,28,757,578,76.4428413975
112,152,1384,1009,71.3841189542
113,28,528,373,76.4428413975
113,157,592,417,62.1486378799
113,242,722,541,65.5043449035
113,112,611,418,79.8724751456
113,306,850,580,55.6059862308
113,240,682,543,57.088533131999995
113,201,1072,774,81.6700883909
113,256,1134,843,60.39695892859999
113,294,1183,844,70.9168956959
114,35,574,399,75.9632200282
114,34,636,440,85.3564679043
114,60,925,648,81.6161554528
114,209,630,513,81.20876843479999
114,345,755,576,60.9452905171
114,127,603,463,85.4892212167
114,24,599,468,85.7473585269
114,291,613,436,82.4871563716
114,110,912,669,55.635152385699996
115,70,518,371,70.48351104449999
115,267,611,541,67.5158540742
115,288,849,612,74.8130423798
115,249,671,543,67.1043408291
115,187,669,507,84.70942246770001
115,214,599,442,67.8202577155
115,72,629,478,58.2540208372
115,16,790,639,66.8975586539
115,236,1142,817,69.90468507770001
116,55,329,236,71.0529137571
116,82,560,418,73.57972019600001
116,11,594,404,61.66656297390001
116,105,527,380,80.3006708206
116,84,780,554,68.175690578
116,15,1015,701,82.66253574779999
116,289,994,706,77.23967801100001
116,301,933,697,71.1340580299
116,253,977,718,78.0665201707
117,188,872,698,67.37301938510001
117,178,1158,826,62.6730520085
117,227,1232,893,69.6251481991
117,176,1257,974,69.7429770467
117,340,1942,1444,64.1130886905
117,156,1848,1349,86.85620474219999
117,342,1656,1234,71.53704598770001
117,246,1693,1216,89.0083571717
117,138,1922,1423,68.8844873755
118,166,363,288,77.7476749914
118,231,458,327,82.0451668365
118,319,668,518,65.854832127
118,309,876,686,61.6608872979
118,0,1030,781,63.027657875
118,109,1418,1085,61.7030344539
118,268,1476,1109,67.269211196
118,120,1360,1015,72.0930478377
118,12,1680,1316,76.93059858810001
119,101,405,349,82.2326195463
119,153,294,246,79.9387593446
119,212,565,407,50.5839205185
119,162,660,536,67.7696183045
119,58,742,580,71.9299716552
119,316,607,449,80.4903853552
119,71,735,568,72.3600032368
119,241,643,503,60.021995610699996
119,50,1121,861,80.4023501608
120,0,386,302,63.027657875
120,326,386,332,67.2092026481
120,5,653,489,76.9910188843
120,272,687,605,48.07760091390001
120,309,787,631,61.6608872979
120,268,994,787,67.269211196
120,149,916,726,81.7813531621
120,263,934,732,75.9255085876
120,308,1074,847,83.8734698308
121,29,440,382,61.2441039757
121,255,534,467,62.698390911400004
121,85,447,315,74.5192949252
121,194,792,583,67.2482267802
121,80,635,534,81.1898640724
121,75,639,454,73.7024580651
121,198,661,480,89.7953549309
121,41,775,543,67.5753996258
121,179,846,679,73.3533865479
122,59,510,431,86.9113598225
122,249,387,264,67.1043408291
122,104,723,597,77.4033087035
122,215,641,490,86.3283618559
122,344,751,625,67.6222090507
122,267,682,533,67.5158540742
122,22,866,671,60.9683429662
122,187,903,623,84.70942246770001
122,136,1058,909,63.59076869720001
123,344,314,235,67.6222090507
123,200,598,438,73.6288779035
123,40,479,360,75.8165504817
123,273,801,574,93.700298358
123,320,939,697,72.9389813864
123,215,763,529,86.3283618559
123,104,765,575,77.4033087035
123,67,978,754,71.3257727816
123,31,985,746,78.9811414735
124,171,492,366,58.4221086701
124,301,647,515,71.1340580299
124,90,628,440,73.878624965
124,289,622,457,77.23967801100001
124,135,838,637,83.2225262497
124,23,943,733,86.9757323843
124,337,1008,730,60.25158996800001
124,209,1057,813,81.20876843479999
124,11,1022,791,61.66656297390001
125,277,531,416,81.78722889689999
125,238,1061,804,75.8402680207
125,221,949,713,75.5059659219
125,13,1051,801,88.44241252379999
125,93,1778,1337,58.747159598
125,54,1050,786,57.4199192507
125,61,1746,1294,72.3877267642
125,64,1372,994,76.4300580715
125,169,1611,1246,75.33710186260001
126,47,462,349,77.6106889508
126,236,748,565,69.90468507770001
126,148,675,528,83.6651037068
126,18,893,673,77.1657407476
126,270,1041,799,64.8311243828
126,152,715,541,71.3841189542
126,254,974,755,66.6649921522
126,214,1477,1124,67.8202577155
126,70,1361,1027,70.48351104449999
127,345,455,356,60.9452905171
127,291,527,370,82.4871563716
127,114,603,468,73.96164514670002
127,35,813,589,75.9632200282
127,220,677,514,61.1917454339
127,271,614,426,74.14765543899999
127,52,1011,734,64.7828728511
127,305,1097,835,76.0527870076
127,23,1104,864,86.9757323843
128,312,512,397,75.1399918203
128,331,697,500,64.0516170237
128,189,545,409,98.6161597459
128,307,910,691,73.9549985055
128,68,846,641,64.209227948
128,224,913,687,70.6572126001
128,297,1051,793,62.9668989318
128,216,1111,827,74.9393993009
128,103,1332,1022,82.6864804786
129,42,837,604,63.0527347267
129,161,654,485,99.98156291020001
129,203,809,625,64.7720549741
129,64,1509,1179,76.4300580715
129,185,1473,1134,57.863476116499996
129,142,1185,927,67.6734947167
129,43,1287,1007,68.7891225744
129,221,2086,1636,75.5059659219
129,278,2127,1658,68.9933087846
130,219,834,580,86.88339652110001
130,48,1214,933,85.5014569162
130,210,1436,1086,70.9531500802
130,251,1097,890,71.9381969224
130,149,1632,1257,81.7813531621
130,298,1744,1328,84.1459358039
130,317,2073,1529,62.1369312726
130,12,1725,1314,76.93059858810001
130,8,1742,1348,58.8756459072
131,56,625,441,45.552062742
131,65,583,403,79.7640361795
131,280,579,452,73.1846690552
131,147,670,459,67.5403061262
131,182,693,497,76.1260145942
131,300,826,606,73.9066280355
131,274,1065,737,69.9193069262
131,269,932,661,78.4049566324
131,160,1174,890,77.06697458939999
132,184,783,547,60.8177868858
132,233,1103,824,77.6193219124
132,163,1231,883,60.7025272429
132,225,1234,864,72.3210036551
132,2,1284,904,53.5807796005
132,226,1713,1263,67.95204228850001
132,197,1803,1359,69.5661934046
132,319,1580,1146,65.854832127
132,264,1846,1310,70.0731934033
133,96,466,346,83.7300167686
133,248,637,469,61.4663473971
133,195,595,405,55.4870826708
133,213,928,667,49.9237763459
133,5,907,659,76.9910188843
133,244,801,563,73.9788415564
133,263,727,583,75.9255085876
133,51,1111,822,68.5836527335
133,327,950,708,61.3202421257
134,282,765,526,65.9800547207
134,226,744,530,67.95204228850001
134,218,692,528,70.8090481686
134,246,757,546,89.0083571717
134,264,1214,856,70.0731934033
134,342,1262,952,71.53704598770001
134,197,1235,942,69.5661934046
134,178,1423,1023,62.6730520085
134,138,1470,1086,68.8844873755
135,23,429,333,86.9757323843
135,209,509,382,81.20876843479999
135,171,612,461,58.4221086701
135,301,514,404,71.1340580299
135,345,540,389,60.9452905171
135,124,838,629,85.2104830656
135,21,865,657,88.2752636484
135,114,1124,829,73.96164514670002
135,105,1027,809,80.3006708206
136,78,537,416,68.670324345
136,267,850,601,67.5158540742
136,59,616,435,86.9113598225
136,10,787,608,68.5036702937
136,16,829,598,66.8975586539
136,191,1071,794,79.4434469327
136,275,878,657,73.46672758369998
136,122,1058,753,64.462857676
136,8,1001,760,58.8756459072
137,77,563,439,62.728582805100004
137,180,850,737,75.6398021621
137,86,916,690,67.8222755921
137,250,1343,1047,59.4316808904
137,102,1351,1162,94.93728557040001
137,237,1207,973,62.1561504265
137,285,1237,971,56.675571910600006
137,335,1658,1355,70.5791503184
137,98,1879,1399,70.6516892842
138,302,393,331,76.7783417243
138,342,374,326,71.53704598770001
138,264,482,340,70.0731934033
138,340,924,713,64.1130886905
138,282,801,611,65.9800547207
138,246,1108,845,89.0083571717
138,45,767,606,77.1143133982
138,2,1355,1004,53.5807796005
138,134,1470,1188,67.074923526
139,27,267,202,71.1402668045
139,41,546,420,67.5753996258
139,257,371,284,67.0741025388
139,194,497,391,67.2482267802
139,100,557,423,54.5192404776
139,4,704,509,86.04048798950001
139,66,706,547,62.377271960600005
139,260,819,618,69.987682799
139,280,1234,1009,73.1846690552
140,324,408,278,64.1335131941
140,304,539,383,61.4008508903
140,276,660,502,63.2281196023
140,31,560,439,78.9811414735
140,107,575,408,60.8355051621
140,295,649,489,70.154086959
140,327,671,484,61.3202421257
140,159,1043,768,73.0199010585
140,88,962,682,67.0772180219
141,158,364,269,93.2356838171
141,206,536,438,73.06063161659999
141,36,391,329,67.475269297
141,239,563,433,72.6806896267
141,88,387,300,67.0772180219
141,175,629,441,73.6499238726
141,243,488,376,82.86850557140001
141,173,832,630,57.1141433037
141,193,633,523,71.9249263424
142,43,331,249,68.7891225744
142,203,452,342,64.7720549741
142,185,691,559,57.863476116499996
142,296,795,584,81.73152426770001
142,161,1015,744,99.98156291020001
142,336,952,715,65.8663886407
142,202,704,511,76.03960916279999
142,64,1011,839,76.4300580715
142,293,952,678,81.2891103011
143,329,546,399,54.7699059658
143,279,710,516,77.58341363310001
143,172,651,497,62.87558258510001
143,314,827,614,88.7480163458
143,183,1057,799,63.9798558446
143,154,1179,840,88.2140044831
143,170,1191,921,75.6830011052
143,247,1280,957,84.185027625
143,39,1395,1063,70.7502212608
144,73,503,403,80.0827003231
144,175,504,388,73.6499238726
144,160,475,344,77.06697458939999
144,333,503,372,72.3674245333
144,239,650,527,72.6806896267
144,71,479,420,72.3600032368
144,50,699,596,80.4023501608
144,158,935,724,93.2356838171
144,141,983,767,74.4357256836
145,109,442,365,61.7030344539
145,39,1000,759,70.7502212608
145,81,648,491,69.18588285770001
145,190,759,539,76.2721221332
145,314,1247,924,88.7480163458
145,247,1252,941,84.185027625
145,263,1134,847,75.9255085876
145,268,1025,793,67.269211196
145,225,1809,1354,72.3210036551
146,63,220,173,77.0884917602
146,228,568,420,66.635230758
146,254,503,371,66.6649921522
146,7,639,497,83.1785942079
146,97,651,490,56.8320623285
146,346,624,525,69.3739588173
146,232,839,619,82.9287572766
146,167,988,759,75.1291291517
146,259,837,671,73.7665396324
147,269,528,396,78.4049566324
147,300,424,348,73.9066280355
147,56,536,414,45.552062742
147,131,669,542,84.8564642506
147,182,809,621,76.1260145942
147,274,811,591,69.9193069262
147,293,865,711,81.2891103011
147,234,1009,819,71.5451252288
147,192,985,725,80.5927926709
148,25,477,404,64.5694833772
148,270,548,400,64.8311243828
148,126,675,465,74.4471212377
148,152,1060,772,71.3841189542
148,47,1137,814,77.6106889508
148,99,857,689,70.08880067359999
148,290,1194,919,80.1331186482
148,112,822,636,79.8724751456
148,318,991,732,74.25131940680001
149,326,616,459,67.2092026481
149,308,606,432,83.8734698308
149,272,954,713,48.07760091390001
149,186,812,571,87.8359656847
149,251,807,653,71.9381969224
149,120,975,722,72.0930478377
149,0,992,758,63.027657875
149,5,1414,1024,76.9910188843
149,67,1341,980,71.3257727816
150,165,544,404,43.5423933819
150,30,587,434,80.85567106149999
150,287,556,462,76.2765884656
150,4,802,604,86.04048798950001
150,65,711,572,79.7640361795
150,274,767,597,69.9193069262
150,92,1065,853,77.1766881104
150,56,1171,922,45.552062742
150,27,1125,854,71.1402668045
151,204,395,267,74.58484241859999
151,253,789,584,78.0665201707
151,299,535,446,66.710135421
151,252,721,575,56.9405175212
151,82,843,633,73.57972019600001
151,155,1019,804,58.641771159399994
151,230,834,642,84.8557757647
151,20,765,540,69.1429609991
151,55,1112,838,71.0529137571
152,338,385,310,60.8126910815
152,18,594,451,77.1657407476
152,47,527,399,77.6106889508
152,148,1060,828,83.6651037068
152,306,889,721,55.6059862308
152,126,715,538,74.4471212377
152,112,1384,1111,79.8724751456
152,1,849,677,78.8726802496
152,214,1080,829,67.8202577155
153,119,293,232,72.781853626
153,162,441,373,67.7696183045
153,241,419,329,60.021995610699996
153,58,675,522,71.9299716552
153,101,460,370,82.2326195463
153,212,719,520,50.5839205185
153,278,1012,784,68.9933087846
153,54,776,622,57.4199192507
153,286,976,780,65.5125120438
154,183,526,451,63.9798558446
154,79,512,389,74.1478617835
154,279,686,544,77.58341363310001
154,329,844,669,54.7699059658
154,181,743,619,54.627103762299996
154,51,825,642,68.5836527335
154,193,943,740,71.9249263424
154,314,1215,961,88.7480163458
154,143,1180,961,77.0316701149
155,201,747,514,81.6700883909
155,261,768,543,72.49729137770001
155,204,803,582,74.58484241859999
155,20,639,443,69.1429609991
155,256,676,453,60.39695892859999
155,157,946,669,62.1486378799
155,151,1019,764,67.51764459479999
155,38,1027,725,80.2301821824
155,99,1137,813,70.08880067359999
156,227,605,465,69.6251481991
156,178,1187,920,62.6730520085
156,283,1229,981,60.528156464700004
156,91,1249,929,67.9098923457
156,284,1114,899,63.417705751199996
156,61,1689,1295,72.3877267642
156,117,1848,1467,81.5101077422
156,208,1735,1381,63.37256966020001
156,196,1847,1438,73.0925962447
157,201,478,348,81.6700883909
157,113,593,464,85.507360565
157,99,506,376,70.08880067359999
157,112,645,466,79.8724751456
157,155,946,766,58.641771159399994
157,256,864,648,60.39695892859999
157,28,1030,768,76.4428413975
157,242,676,514,65.5043449035
157,261,1117,837,72.49729137770001
158,141,364,293,74.4357256836
158,88,469,366,67.0772180219
158,243,322,245,82.86850557140001
158,175,465,327,73.6499238726
158,206,488,355,73.06063161659999
158,239,734,580,72.6806896267
158,36,663,570,67.475269297
158,304,731,587,61.4008508903
158,333,767,539,72.3674245333
159,258,522,387,72.9244282366
159,304,655,529,61.4008508903
159,243,509,378,82.86850557140001
159,255,508,372,62.698390911400004
159,88,481,367,67.0772180219
159,29,743,543,61.2441039757
159,333,817,569,72.3674245333
159,179,785,571,73.3533865479
159,175,807,569,73.6499238726
160,144,475,354,74.8199191123
160,73,604,480,80.0827003231
160,333,707,522,72.3674245333
160,182,588,399,76.1260145942
160,175,858,655,73.6499238726
160,316,917,712,80.4903853552
160,71,818,671,72.3600032368
160,258,996,778,72.9244282366
160,280,1025,783,73.1846690552
161,42,564,393,63.0527347267
161,203,699,555,64.7720549741
161,142,988,773,67.6734947167
161,129,654,485,53.556469353900006
161,43,1090,853,68.7891225744
161,185,1355,1062,57.863476116499996
161,33,1074,762,85.8128491799
161,64,1387,1112,76.4300580715
161,296,1672,1266,81.73152426770001
162,153,442,318,79.9387593446
162,101,531,384,82.2326195463
162,119,660,467,72.781853626
162,286,566,431,65.5125120438
162,50,634,463,80.4023501608
162,71,761,555,72.3600032368
162,241,826,611,60.021995610699996
162,212,1105,781,50.5839205185
162,58,1085,803,71.9299716552
163,184,572,423,60.8177868858
163,233,784,684,77.6193219124
163,132,1231,1004,69.1875356347
163,2,1424,1042,53.5807796005
163,264,2313,1688,70.0731934033
163,226,2788,2139,67.95204228850001
163,225,2418,1829,72.3210036551
163,302,2634,1988,76.7783417243
163,319,2212,1730,65.854832127
164,321,654,493,49.5888810612
164,37,1081,836,48.3707316667
164,44,1086,790,91.3705713807
164,347,3074,2265,80.5187830018
164,229,879,718,73.3096244056
164,19,1496,1150,60.586137147799995
164,341,2367,1758,65.7374033112
164,33,3047,2313,85.8128491799
164,192,2185,1657,80.5927926709
165,4,556,421,86.04048798950001
165,150,544,414,76.7812260557
165,287,746,606,76.2765884656
165,92,1255,997,77.1766881104
165,27,994,760,71.1402668045
165,30,784,603,80.85567106149999
165,260,889,679,69.987682799
165,65,1090,866,79.7640361795
165,139,1261,967,78.33771847850001
166,118,363,247,77.6481734864
166,309,513,398,61.6608872979
166,231,643,457,82.0451668365
166,0,753,553,63.027657875
166,109,1090,823,61.7030344539
166,268,1113,821,67.269211196
166,319,1030,765,65.854832127
166,120,1082,791,72.0930478377
166,263,1526,1127,75.9255085876
167,22,591,531,60.9683429662
167,325,535,475,64.669227351
167,346,502,404,69.3739588173
167,187,574,421,84.70942246770001
167,254,734,523,66.6649921522
167,146,972,697,75.3200530245
167,17,774,662,67.9958824949
167,288,856,632,74.8130423798
167,215,1075,916,86.3283618559
168,259,510,366,73.7665396324
168,325,415,343,64.669227351
168,346,451,321,69.3739588173
168,179,474,379,73.3533865479
168,17,682,570,67.9958824949
168,295,515,463,70.154086959
168,198,698,527,89.7953549309
168,75,891,655,73.7024580651
168,7,779,531,83.1785942079
169,54,808,612,57.4199192507
169,241,1165,853,60.021995610699996
169,238,600,464,75.8402680207
169,93,715,517,58.747159598
169,211,1138,919,65.8157864961
169,277,1147,871,81.78722889689999
169,153,1122,856,79.9387593446
169,58,1616,1203,71.9299716552
169,328,1414,1108,71.58515543840001
170,284,517,349,63.417705751199996
170,172,677,527,62.87558258510001
170,208,1072,796,63.37256966020001
170,328,1102,835,71.58515543840001
170,143,1191,904,77.0316701149
170,283,1274,943,60.528156464700004
170,329,1196,890,54.7699059658
170,211,1471,1128,65.8157864961
170,93,1602,1207,58.747159598
171,23,499,398,86.9757323843
171,124,492,359,85.2104830656
171,135,612,463,83.2225262497
171,90,702,490,73.878624965
171,337,540,392,60.25158996800001
171,21,612,485,88.2752636484
171,301,756,583,71.1340580299
171,76,1066,771,93.6568443297
171,209,1124,848,81.20876843479999
172,329,614,435,54.7699059658
172,328,699,544,71.58515543840001
172,143,651,501,77.0316701149
172,170,678,550,75.6830011052
172,183,675,503,63.9798558446
172,211,1041,818,65.8157864961
172,279,1198,860,77.58341363310001
172,154,1142,809,88.2140044831
172,208,1430,1080,63.37256966020001
173,206,369,269,73.06063161659999
173,193,467,414,71.9249263424
173,36,558,463,67.475269297
173,107,563,469,60.8355051621
173,141,833,653,74.4357256836
173,79,598,481,74.1478617835
173,213,706,554,49.9237763459
173,158,856,651,93.2356838171
173,51,893,707,68.5836527335
174,244,332,236,73.9788415564
174,276,490,388,63.2281196023
174,40,479,365,75.8165504817
174,327,621,464,61.3202421257
174,67,812,650,71.3257727816
174,31,750,583,78.9811414735
174,195,784,578,55.4870826708
174,213,828,615,49.9237763459
174,248,940,717,61.4663473971
175,333,338,242,72.3674245333
175,243,436,352,82.86850557140001
175,158,465,373,93.2356838171
175,144,504,406,74.8199191123
175,88,611,505,67.0772180219
175,141,629,510,74.4357256836
175,239,585,490,72.6806896267
175,160,858,661,77.06697458939999
175,258,733,579,72.9244282366
176,188,647,486,67.37301938510001
176,339,1077,804,85.1274876709
176,117,1257,951,81.5101077422
176,106,1967,1460,79.0408366332
176,196,2151,1592,73.0925962447
176,311,2356,1754,71.93896763720001
176,156,2086,1508,86.85620474219999
176,227,2218,1600,69.6251481991
176,91,2759,1999,67.9098923457
177,3,632,458,80.3057668322
177,332,624,473,67.6554981801
177,111,724,519,70.93111600659999
177,253,925,716,78.0665201707
177,299,1278,996,66.710135421
177,252,1235,953,56.9405175212
177,15,1091,780,82.66253574779999
177,55,918,712,71.0529137571
177,82,1184,911,73.57972019600001
178,227,573,443,69.6251481991
178,246,890,668,89.0083571717
178,156,1187,884,86.85620474219999
178,117,1159,907,81.5101077422
178,284,1481,1176,63.417705751199996
178,342,1585,1249,71.53704598770001
178,282,1341,996,65.9800547207
178,134,1423,1126,67.074923526
178,138,1987,1519,68.8844873755
179,255,329,250,62.698390911400004
179,198,484,362,89.7953549309
179,168,474,376,68.8737698393
179,259,624,459,73.7665396324
179,295,654,552,70.154086959
179,75,611,453,73.7024580651
179,29,672,490,61.2441039757
179,85,793,553,74.5192949252
179,121,846,613,52.7749660718
180,77,488,335,62.728582805100004
180,102,516,440,94.93728557040001
180,335,841,648,70.5791503184
180,137,850,601,91.9293145192
180,285,1098,814,56.675571910600006
180,250,1020,711,59.4316808904
180,6,1167,881,79.56075235770001
180,86,1062,743,67.8222755921
180,237,1299,984,62.1561504265
181,51,461,343,68.5836527335
181,314,701,527,88.7480163458
181,154,743,540,88.2140044831
181,279,684,499,77.58341363310001
181,79,963,704,74.1478617835
181,96,843,608,83.7300167686
181,190,1055,797,76.2721221332
181,248,932,693,61.4663473971
181,133,1120,847,61.452211193000004
182,300,472,361,73.9066280355
182,160,588,472,77.06697458939999
182,147,809,595,67.5403061262
182,73,755,630,80.0827003231
182,131,693,558,84.8564642506
182,316,601,534,80.4903853552
182,234,1335,1052,71.5451252288
182,144,1091,849,74.8199191123
182,269,1043,781,78.4049566324
183,329,512,392,54.7699059658
183,154,526,370,88.2140044831
183,328,713,567,71.58515543840001
183,172,675,529,62.87558258510001
183,79,745,536,74.1478617835
183,211,1033,822,65.8157864961
183,279,1043,784,77.58341363310001
183,286,1018,778,65.5125120438
183,143,1058,830,77.0316701149
184,163,572,452,60.7025272429
184,132,783,687,69.1875356347
184,2,909,678,53.5807796005
184,233,878,771,77.6193219124
184,264,1775,1307,70.0731934033
184,226,2274,1771,67.95204228850001
184,302,2118,1624,76.7783417243
184,225,1904,1461,72.3210036551
184,197,2364,1867,69.5661934046
185,43,366,303,68.7891225744
185,64,319,273,76.4300580715
185,203,695,526,64.7720549741
185,278,684,545,68.9933087846
185,142,691,546,67.6734947167
185,336,853,683,65.8663886407
185,221,831,660,75.5059659219
185,58,924,700,71.9299716552
185,161,1356,1000,99.98156291020001
186,308,308,240,83.8734698308
186,200,852,612,73.6288779035
186,67,822,622,71.3257727816
186,272,748,584,48.07760091390001
186,320,616,445,72.9389813864
186,149,812,628,81.7813531621
186,326,916,701,67.2092026481
186,207,772,589,67.8991732946
186,40,1169,861,75.8165504817
187,288,380,279,74.8130423798
187,249,516,423,67.1043408291
187,167,574,433,75.1291291517
187,115,669,503,54.8618918342
187,22,586,523,60.9683429662
187,254,752,561,66.6649921522
187,70,755,559,70.48351104449999
187,236,677,497,69.90468507770001
187,122,903,751,64.462857676
188,176,647,471,69.7429770467
188,117,872,656,81.5101077422
188,339,1723,1274,85.1274876709
188,196,2798,2063,73.0925962447
188,340,2645,2012,64.1130886905
188,156,1850,1335,86.85620474219999
188,106,2614,1931,79.0408366332
188,227,1932,1396,69.6251481991
188,178,2042,1492,62.6730520085
189,331,435,332,64.0516170237
189,128,546,429,63.5558973763
189,224,1244,931,70.6572126001
189,343,880,692,78.9897554476
189,68,1315,1001,64.209227948
189,312,1058,826,75.1399918203
189,307,1456,1120,73.9549985055
189,297,1686,1274,62.9668989318
189,103,1967,1503,82.6864804786
190,263,375,308,75.9255085876
190,268,716,565,67.269211196
190,109,833,659,61.7030344539
190,145,759,598,73.0198705199
190,96,764,557,83.7300167686
190,181,1054,806,54.627103762299996
190,314,752,591,88.7480163458
190,133,957,714,61.452211193000004
190,309,1331,1047,61.6608872979
191,207,272,224,67.8991732946
191,78,534,411,68.670324345
191,104,661,465,77.4033087035
191,8,628,495,58.8756459072
191,320,731,530,72.9389813864
191,48,918,727,85.5014569162
191,136,1071,811,63.59076869720001
191,59,1092,770,86.9113598225
191,200,1075,783,73.6288779035
192,199,320,278,72.6879923273
192,274,546,408,69.9193069262
192,269,732,555,78.4049566324
192,341,618,466,65.7374033112
192,56,806,627,45.552062742
192,313,778,633,67.72113476770001
192,147,985,758,67.5403061262
192,347,2227,1649,80.5187830018
192,293,1022,836,81.2891103011
193,36,241,185,67.475269297
193,173,467,333,57.1141433037
193,79,452,315,74.1478617835
193,206,394,288,73.06063161659999
193,141,633,460,74.4357256836
193,239,725,543,72.6806896267
193,158,881,660,93.2356838171
193,51,1043,783,68.5836527335
193,154,934,673,88.2140044831
194,100,228,160,54.5192404776
194,41,421,307,67.5753996258
194,139,497,351,78.33771847850001
194,66,462,350,62.377271960600005
194,257,730,531,67.0741025388
194,121,790,617,52.7749660718
194,27,800,578,71.1402668045
194,62,650,494,92.94150523489999
194,32,716,527,65.3059061944
195,5,485,385,76.9910188843
195,244,512,374,73.9788415564
195,67,467,418,71.3257727816
195,133,595,482,61.452211193000004
195,272,748,619,48.07760091390001
195,174,784,625,66.4031129784
195,248,850,659,61.4663473971
195,96,805,623,83.7300167686
195,213,1135,851,49.9237763459
196,311,628,495,71.93896763720001
196,106,664,508,79.0408366332
196,95,1057,776,64.9384285121
196,91,1032,728,67.9098923457
196,330,1377,1031,65.42609246
196,176,2152,1646,69.7429770467
196,339,1533,1155,85.1274876709
196,156,1852,1331,86.85620474219999
196,13,2013,1552,88.44241252379999
197,81,458,382,69.18588285770001
197,218,765,589,70.8090481686
197,247,921,721,84.185027625
197,225,970,731,72.3210036551
197,226,634,416,67.95204228850001
197,39,848,693,70.7502212608
197,145,1107,894,73.0198705199
197,134,1235,917,67.074923526
197,132,1804,1442,69.1875356347
198,75,217,156,73.7024580651
198,259,247,193,73.7665396324
198,85,424,302,74.5192949252
198,179,484,428,73.3533865479
198,7,460,330,83.1785942079
198,168,699,593,68.8737698393
198,255,614,527,62.698390911400004
198,346,633,481,69.3739588173
198,121,660,482,52.7749660718
199,192,320,243,80.5927926709
199,269,844,643,78.4049566324
199,313,457,355,67.72113476770001
199,341,736,524,65.7374033112
199,293,713,587,81.2891103011
199,274,726,548,69.9193069262
199,202,796,648,76.03960916279999
199,147,1097,846,67.5403061262
199,33,792,593,85.8128491799
200,123,598,447,63.4219650863
200,320,402,301,72.9389813864
200,40,582,444,75.8165504817
200,344,602,458,67.6222090507
200,186,852,654,87.8359656847
200,67,715,566,71.3257727816
200,104,761,582,77.4033087035
200,207,1008,788,67.8991732946
200,308,1021,793,83.8734698308
201,157,478,354,62.1486378799
201,261,674,516,72.49729137770001
201,155,747,619,58.641771159399994
201,99,550,414,70.08880067359999
201,38,650,486,80.2301821824
201,112,1103,805,79.8724751456
201,20,1250,941,69.1429609991
201,256,742,567,60.39695892859999
201,113,1073,826,85.507360565
202,296,300,240,81.73152426770001
202,293,366,276,81.2891103011
202,313,853,610,67.72113476770001
202,234,851,637,71.5451252288
202,336,854,662,65.8663886407
202,269,662,463,78.4049566324
202,33,981,693,85.8128491799
202,199,796,560,72.6879923273
202,142,704,545,67.6734947167
203,43,526,400,68.7891225744
203,185,695,536,57.863476116499996
203,142,452,346,67.6734947167
203,161,699,503,99.98156291020001
203,64,727,586,76.4300580715
203,129,809,572,53.556469353900006
203,42,1167,825,63.0527347267
203,278,1349,1060,68.9933087846
203,336,1123,870,65.8663886407
204,20,370,273,69.1429609991
204,151,395,315,67.51764459479999
204,155,803,668,58.641771159399994
204,261,778,598,72.49729137770001
204,82,958,744,73.57972019600001
204,253,890,683,78.0665201707
204,84,859,633,68.175690578
204,201,1409,1056,81.6700883909
204,299,931,761,66.710135421
205,235,653,532,80.4685940834
205,108,565,404,79.4089913448
205,9,1022,790,71.54948504069999
205,76,1411,1009,93.6568443297
205,83,1164,852,76.31658127680001
205,217,1149,844,60.296474374700004
205,303,1650,1257,66.6600238788
205,90,2004,1448,73.878624965
205,337,1850,1353,60.25158996800001
206,173,369,287,57.1141433037
206,141,536,471,74.4357256836
206,36,485,429,67.475269297
206,158,488,381,93.2356838171
206,193,394,380,71.9249263424
206,107,760,622,60.8355051621
206,88,705,563,67.0772180219
206,324,752,608,64.1335131941
206,239,835,675,72.6806896267
207,191,272,201,79.4434469327
207,320,638,442,72.9389813864
207,48,685,533,85.5014569162
207,8,735,572,58.8756459072
207,104,884,639,77.4033087035
207,78,642,494,68.670324345
207,186,771,557,87.8359656847
207,200,1008,718,73.6288779035
207,344,1274,924,67.6222090507
208,93,532,413,58.747159598
208,283,641,500,60.528156464700004
208,61,632,428,72.3877267642
208,170,1072,895,75.6830011052
208,238,1302,1023,75.8402680207
208,328,895,726,71.58515543840001
208,169,1167,937,75.33710186260001
208,284,1551,1211,63.417705751199996
208,211,1267,1025,65.8157864961
209,135,509,372,83.2225262497
209,301,513,400,71.1340580299
209,105,497,412,80.3006708206
209,114,647,480,73.96164514670002
209,24,938,706,85.7473585269
209,345,618,438,60.9452905171
209,23,940,708,86.9757323843
209,171,1124,836,58.4221086701
209,34,1168,849,85.3564679043
210,317,597,465,62.1369312726
210,12,996,827,76.93059858810001
210,130,1435,1111,79.4480830286
210,251,1753,1421,71.9381969224
210,219,1963,1480,86.88339652110001
210,149,2562,2000,81.7813531621
210,48,2619,2027,85.5014569162
210,0,3015,2325,63.027657875
210,326,3026,2339,67.2092026481
211,328,354,254,71.58515543840001
211,169,1138,851,75.33710186260001
211,183,1033,761,63.9798558446
211,172,1041,785,62.87558258510001
211,162,940,701,67.7696183045
211,286,1075,782,65.5125120438
211,329,1424,1026,54.7699059658
211,153,1308,958,79.9387593446
211,241,1528,1143,60.021995610699996
212,119,565,450,72.781853626
212,316,477,382,80.4903853552
212,101,809,676,82.2326195463
212,336,663,544,65.8663886407
212,234,727,538,71.5451252288
212,153,720,579,79.9387593446
212,71,820,682,72.3600032368
212,58,919,721,71.9299716552
212,73,836,651,80.0827003231
213,248,466,375,61.4663473971
213,327,514,415,61.3202421257
213,107,540,439,60.8355051621
213,173,706,518,57.1141433037
213,244,785,592,73.9788415564
213,96,789,614,83.7300167686
213,133,928,739,61.452211193000004
213,51,796,618,68.5836527335
213,324,1024,791,64.1335131941
214,70,374,282,70.48351104449999
214,72,669,521,58.2540208372
214,18,667,500,77.1657407476
214,236,767,587,69.90468507770001
214,115,599,489,54.8618918342
214,47,1059,790,77.6106889508
214,288,815,623,74.8130423798
214,16,1038,852,66.8975586539
214,126,1477,1098,74.4471212377
215,22,481,373,60.9683429662
215,273,491,398,93.700298358
215,17,610,482,67.9958824949
215,344,706,576,67.6222090507
215,122,641,461,64.462857676
215,325,908,701,64.669227351
215,123,763,621,63.4219650863
215,249,736,510,67.1043408291
215,167,1075,816,75.1291291517
216,74,360,272,75.3109547828
216,312,637,505,75.1399918203
216,323,652,543,72.1587172494
216,307,526,409,73.9549985055
216,222,888,705,66.37464485859999
216,294,881,682,70.9168956959
216,128,1112,860,63.5558973763
216,297,887,690,62.9668989318
216,68,877,680,64.209227948
217,83,638,513,76.31658127680001
217,108,603,491,79.4089913448
217,265,595,436,55.601103425699996
217,337,995,745,60.25158996800001
217,14,1007,762,76.777572239
217,9,1325,1070,71.54948504069999
217,76,1037,811,93.6568443297
217,21,1464,1123,88.2752636484
217,205,1149,940,75.9494451633
218,197,765,576,69.5661934046
218,226,830,577,67.95204228850001
218,247,563,433,84.185027625
218,134,692,493,67.074923526
218,81,764,607,69.18588285770001
218,39,922,706,70.7502212608
218,282,1055,712,65.9800547207
218,225,1725,1300,72.3210036551
218,143,1635,1222,77.0316701149
219,298,931,776,84.1459358039
219,266,751,540,74.9648619104
219,130,834,685,79.4480830286
219,48,1113,941,85.5014569162
219,8,1515,1255,58.8756459072
219,245,1267,968,51.38666189510001
219,285,1328,965,56.675571910600006
219,275,1634,1309,73.46672758369998
219,335,1209,937,70.5791503184
220,305,420,321,76.0527870076
220,127,677,539,85.4892212167
220,345,794,623,60.9452905171
220,271,1001,730,74.14765543899999
220,92,741,518,77.1766881104
220,21,1013,787,88.2752636484
220,23,977,759,86.9757323843
220,14,992,743,76.777572239
220,291,1204,909,82.4871563716
221,277,492,400,81.78722889689999
221,64,577,422,76.4300580715
221,54,882,690,57.4199192507
221,278,663,493,68.9933087846
221,185,829,606,57.863476116499996
221,238,1101,854,75.8402680207
221,58,841,631,71.9299716552
221,125,950,738,78.4134348602
221,241,1309,965,60.021995610699996
222,322,503,392,62.051770852
222,323,537,416,72.1587172494
222,294,509,357,70.9168956959
222,28,908,691,76.4428413975
222,216,889,628,74.9393993009
222,74,887,625,75.3109547828
222,240,959,780,57.088533131999995
222,113,1411,1092,85.507360565
222,310,871,663,80.6914290024
223,303,511,420,66.6600238788
223,49,562,487,62.1752820128
223,90,1216,867,73.878624965
223,289,1172,850,77.23967801100001
223,76,942,662,93.6568443297
223,124,1281,932,85.2104830656
223,15,1627,1200,82.66253574779999
223,11,1556,1160,61.66656297390001
223,171,1612,1183,58.4221086701
224,68,533,392,64.209227948
224,343,656,516,78.9897554476
224,297,895,678,62.9668989318
224,189,1244,912,98.6161597459
224,103,1176,907,82.6864804786
224,128,913,690,63.5558973763
224,307,884,661,73.9549985055
224,331,1531,1122,64.0516170237
224,94,1142,889,84.4929743875
225,197,970,767,69.5661934046
225,81,1376,1092,69.18588285770001
225,231,829,657,82.0451668365
225,145,1808,1444,73.0198705199
225,39,1765,1403,70.7502212608
225,109,1366,1100,61.7030344539
225,132,1234,985,69.1875356347
225,247,1859,1460,84.185027625
225,319,1628,1244,65.854832127
226,218,830,677,70.8090481686
226,134,744,594,67.074923526
226,197,634,503,69.5661934046
226,282,818,596,65.9800547207
226,264,840,634,70.0731934033
226,247,1215,974,84.185027625
226,81,1092,884,69.18588285770001
226,246,1269,935,89.0083571717
226,132,1713,1425,69.1875356347
227,178,573,464,62.6730520085
227,156,606,449,86.85620474219999
227,284,910,761,63.417705751199996
227,117,1232,997,81.5101077422
227,246,1443,1124,89.0083571717
227,283,1645,1318,60.528156464700004
227,170,1428,1188,75.6830011052
227,91,1849,1369,67.9098923457
227,134,1990,1540,67.074923526
228,232,376,278,82.9287572766
228,63,410,311,77.0884917602
228,146,568,424,75.3200530245
228,97,520,394,56.8320623285
228,262,742,542,76.4636465651
228,7,709,554,83.1785942079
228,53,928,677,62.7583762459
228,254,1071,796,66.6649921522
228,334,1093,813,65.7226614057
229,37,902,642,48.3707316667
229,164,879,577,65.5982412424
229,321,1058,718,49.5888810612
229,44,1957,1357,91.3705713807
229,83,1692,1230,76.31658127680001
229,347,3944,2832,80.5187830018
229,265,2536,1851,55.601103425699996
229,9,1901,1418,71.54948504069999
229,217,2299,1709,60.296474374700004
230,252,403,297,56.9405175212
230,299,531,413,66.710135421
230,332,1022,736,67.6554981801
230,151,834,608,67.51764459479999
230,253,959,708,78.0665201707
230,111,1402,1011,70.93111600659999
230,177,1588,1169,82.8829616046
230,204,1230,875,74.58484241859999
230,256,1582,1140,60.39695892859999
231,118,458,354,77.6481734864
231,166,643,527,77.7476749914
231,319,888,672,65.854832127
231,109,1093,855,61.7030344539
231,225,829,618,72.3210036551
231,309,1129,898,61.6608872979
231,145,1535,1199,73.0198705199
231,268,1295,990,67.269211196
231,0,1391,1067,63.027657875
232,97,337,258,56.8320623285
232,228,376,278,66.635230758
232,63,662,490,77.0884917602
232,53,617,442,62.7583762459
232,262,505,367,76.4636465651
232,62,641,487,92.94150523489999
232,32,642,471,65.3059061944
232,146,882,654,75.3200530245
232,7,804,617,83.1785942079
233,132,1103,842,69.1875356347
233,163,784,553,60.7025272429
233,184,878,621,60.8177868858
233,319,1457,1084,65.854832127
233,225,1871,1351,72.3210036551
233,2,1756,1272,53.5807796005
233,231,1955,1437,82.0451668365
233,197,2668,1986,69.5661934046
233,118,2125,1583,77.6481734864
234,300,892,642,73.9066280355
234,293,486,350,81.2891103011
234,296,878,667,81.73152426770001
234,316,1155,922,80.4903853552
234,212,727,582,50.5839205185
234,202,851,640,76.03960916279999
234,336,698,544,65.8663886407
234,269,1038,746,78.4049566324
234,147,1009,732,67.5403061262
235,205,653,452,75.9494451633
235,9,592,420,71.54948504069999
235,108,1198,831,79.4089913448
235,83,1212,858,76.31658127680001
235,217,1793,1275,60.296474374700004
235,76,1887,1325,93.6568443297
235,303,1976,1477,66.6600238788
235,90,2480,1764,73.878624965
235,337,2494,1784,60.25158996800001
236,288,297,254,74.8130423798
236,70,624,467,70.48351104449999
236,254,554,460,66.6649921522
236,47,646,488,77.6106889508
236,214,768,589,67.8202577155
236,126,748,557,74.4471212377
236,187,677,558,84.70942246770001
236,115,1142,882,54.8618918342
236,18,784,592,77.1657407476
237,77,850,581,62.728582805100004
237,285,738,521,56.675571910600006
237,180,1300,1008,75.6398021621
237,137,1207,839,91.9293145192
237,266,1303,943,74.9648619104
237,335,1583,1217,70.5791503184
237,102,1799,1427,94.93728557040001
237,245,1889,1432,51.38666189510001
237,250,2319,1719,59.4316808904
238,277,630,472,81.78722889689999
238,93,782,562,58.747159598
238,169,601,480,75.33710186260001
238,54,742,550,57.4199192507
238,125,1061,787,78.4134348602
238,221,1100,816,75.5059659219
238,241,1075,770,60.021995610699996
238,208,1304,989,63.37256966020001
238,61,1262,895,72.3877267642
239,141,563,418,74.4357256836
239,36,484,399,67.475269297
239,158,734,541,93.2356838171
239,144,650,465,74.8199191123
239,175,585,416,73.6499238726
239,50,718,574,80.4023501608
239,193,726,593,71.9249263424
239,206,836,628,73.06063161659999
239,71,861,682,72.3600032368
240,242,590,411,65.5043449035
240,322,713,488,62.051770852
240,113,682,515,85.507360565
240,222,958,692,66.37464485859999
240,310,1081,759,80.6914290024
240,28,832,597,76.4428413975
240,256,996,717,60.39695892859999
240,323,1189,899,72.1587172494
240,157,1188,861,62.1486378799
241,58,467,356,71.9299716552
241,54,357,293,57.4199192507
241,153,419,371,79.9387593446
241,278,804,618,68.9933087846
241,169,1166,939,75.33710186260001
241,119,643,529,72.781853626
241,162,826,707,67.7696183045
241,221,1219,936,75.5059659219
241,101,841,701,82.2326195463
242,256,484,362,60.39695892859999
242,240,590,491,57.088533131999995
242,113,722,592,85.507360565
242,157,676,518,62.1486378799
242,28,914,713,76.4428413975
242,322,1303,979,62.051770852
242,155,1157,930,58.641771159399994
242,201,1064,801,81.6700883909
242,222,1538,1168,66.37464485859999
243,88,236,191,67.0772180219
243,158,322,227,93.2356838171
243,175,436,293,73.6499238726
243,333,578,394,72.3674245333
243,304,565,467,61.4008508903
243,141,488,382,74.4357256836
243,159,509,407,73.0199010585
243,258,829,624,72.9244282366
243,206,810,582,73.06063161659999
244,174,332,291,66.4031129784
244,195,512,386,55.4870826708
244,67,568,480,71.3257727816
244,327,578,461,61.3202421257
244,248,738,577,61.4663473971
244,213,785,606,49.9237763459
244,40,577,483,75.8165504817
244,276,738,615,63.2281196023
244,133,800,651,61.452211193000004
245,335,678,508,70.5791503184
245,275,617,539,73.46672758369999
245,266,831,590,74.9648619104
245,315,1154,891,79.9585255857
245,298,860,723,84.1459358039
245,26,975,795,77.2854769087
245,10,1032,867,68.5036702937
245,102,884,683,94.93728557040001
245,285,1163,834,56.675571910600006
246,282,451,327,65.9800547207
246,342,710,593,71.53704598770001
246,134,757,640,67.074923526
246,178,890,647,62.6730520085
246,138,1108,853,68.8844873755
246,264,996,740,70.0731934033
246,302,1514,1196,76.7783417243
246,227,1443,1081,69.6251481991
246,226,1269,986,67.95204228850001
247,39,358,273,70.7502212608
247,81,637,491,69.18588285770001
247,197,921,690,69.5661934046
247,218,563,415,70.8090481686
247,314,835,622,88.7480163458
247,145,1252,960,73.0198705199
247,143,1280,943,77.0316701149
247,279,1401,1027,77.58341363310001
247,225,1859,1393,72.3210036551
248,213,466,332,49.9237763459
248,327,415,307,61.3202421257
248,96,427,330,83.7300167686
248,133,637,503,61.452211193000004
248,244,738,530,73.9788415564
248,51,578,444,68.5836527335
248,107,804,597,60.8355051621
248,195,850,616,55.4870826708
248,174,940,730,66.4031129784
249,122,387,328,64.462857676
249,187,516,359,84.70942246770001
249,59,501,460,86.9113598225
249,267,651,536,67.5158540742
249,115,671,478,54.8618918342
249,22,737,610,60.9683429662
249,215,736,597,86.3283618559
249,288,810,569,74.8130423798
249,167,1039,750,75.1291291517
250,98,493,335,70.6516892842
250,86,538,366,67.8222755921
250,6,752,612,79.56075235770001
250,89,790,560,61.3296155598
250,102,807,702,94.93728557040001
250,180,1019,795,75.6398021621
250,281,1088,818,72.5318286267
250,315,1301,1060,79.9585255857
250,137,1343,975,91.9293145192
251,12,758,538,76.93059858810001
251,149,807,571,81.7813531621
251,0,1260,896,63.027657875
251,326,1254,894,67.2092026481
251,317,1156,795,62.1369312726
251,120,1243,860,72.0930478377
251,130,1097,744,79.4480830286
251,210,1752,1230,70.9531500802
251,272,1617,1238,48.07760091390001
252,299,263,215,66.710135421
252,230,403,297,84.8557757647
252,332,669,465,67.6554981801
252,151,721,544,67.51764459479999
252,253,691,510,78.0665201707
252,177,1235,898,82.8829616046
252,111,1049,740,70.93111600659999
252,204,1117,811,74.58484241859999
252,82,1114,828,73.57972019600001
253,151,789,575,67.51764459479999
253,299,428,330,66.710135421
253,82,423,318,73.57972019600001
253,55,684,514,71.0529137571
253,177,925,683,82.8829616046
253,204,890,627,74.58484241859999
253,252,690,527,56.9405175212
253,116,977,751,68.9461574578
253,15,1282,935,82.66253574779999
254,288,585,494,74.8130423798
254,146,503,381,75.3200530245
254,236,554,439,69.90468507770001
254,167,734,580,75.1291291517
254,187,752,607,84.70942246770001
254,63,723,555,77.0884917602
254,228,1069,802,66.635230758
254,70,931,730,70.48351104449999
254,346,976,788,69.3739588173
255,179,329,233,73.3533865479
255,29,359,263,61.2441039757
255,121,534,386,52.7749660718
255,198,614,441,89.7953549309
255,159,508,404,73.0199010585
255,85,705,503,74.5192949252
255,75,671,478,73.7024580651
255,259,754,539,73.7665396324
255,258,808,606,72.9244282366
256,242,484,362,65.5043449035
256,155,676,562,58.641771159399994
256,157,864,653,62.1486378799
256,201,742,558,81.6700883909
256,113,1134,894,85.507360565
256,240,997,796,57.088533131999995
256,261,1187,903,72.49729137770001
256,151,1548,1184,67.51764459479999
256,204,1453,1130,74.58484241859999
257,27,379,301,71.1402668045
257,66,332,260,62.377271960600005
257,100,500,405,54.5192404776
257,260,591,441,69.987682799
257,139,370,299,78.33771847850001
257,194,730,579,67.2482267802
257,4,659,498,86.04048798950001
257,32,667,514,65.3059061944
257,41,884,680,67.5753996258
258,159,460,390,73.0199010585
258,80,505,368,81.1898640724
258,29,646,503,61.2441039757
258,333,445,305,72.3674245333
258,243,823,639,82.86850557140001
258,255,809,623,62.698390911400004
258,175,733,534,73.6499238726
258,121,1001,753,52.7749660718
258,88,1006,790,67.0772180219
259,198,248,177,89.7953549309
259,75,385,268,73.7024580651
259,7,353,251,83.1785942079
259,168,511,441,68.8737698393
259,346,381,285,69.3739588173
259,179,624,526,73.3533865479
259,85,672,479,74.5192949252
259,325,730,619,64.669227351
259,255,755,626,62.698390911400004
260,257,591,462,67.0741025388
260,271,1091,821,74.14765543899999
260,66,766,598,62.377271960600005
260,52,633,485,64.7828728511
260,27,549,452,71.1402668045
260,100,959,769,54.5192404776
260,4,814,630,86.04048798950001
260,139,820,653,78.33771847850001
260,53,830,637,62.7583762459
261,38,447,321,80.2301821824
261,201,674,488,81.6700883909
261,20,615,447,69.1429609991
261,155,768,617,58.641771159399994
261,46,702,513,71.6928034532
261,204,778,586,74.58484241859999
261,99,996,733,70.08880067359999
261,157,1107,807,62.1486378799
261,84,1132,848,68.175690578
262,334,411,308,65.7226614057
262,53,544,394,62.7583762459
262,232,505,378,82.9287572766
262,228,742,551,66.635230758
262,52,843,655,64.7828728511
262,318,823,623,74.25131940680001
262,97,791,597,56.8320623285
262,291,1191,918,82.4871563716
262,32,832,615,65.3059061944
263,268,398,301,67.269211196
263,190,375,262,76.2721221332
263,109,691,533,61.7030344539
263,309,1013,783,61.6608872979
263,96,960,691,83.7300167686
263,133,727,532,61.452211193000004
263,5,972,688,76.9910188843
263,145,1134,860,73.0198705199
263,120,1239,928,72.0930478377
264,282,545,415,65.9800547207
264,138,482,372,68.8844873755
264,342,822,665,71.53704598770001
264,302,618,522,76.7783417243
264,2,889,680,53.5807796005
264,246,996,754,89.0083571717
264,134,1214,980,67.074923526
264,226,840,700,67.95204228850001
264,340,1372,1052,64.1130886905
265,14,431,348,76.777572239
265,217,595,465,60.296474374700004
265,83,1043,812,76.31658127680001
265,305,1207,925,76.0527870076
265,21,1269,1001,88.2752636484
265,92,1282,950,77.1766881104
265,337,1277,972,60.251589968000005
265,108,1178,940,79.4089913448
265,220,1422,1084,61.1917454339
266,285,577,425,56.675571910600006
266,335,671,562,70.5791503184
266,245,831,673,51.386661895100005
266,219,751,611,86.88339652110001
266,298,958,844,84.1459358039
266,102,1144,943,94.93728557040001
266,77,1013,727,62.728582805100004
266,180,1161,905,75.6398021621
266,237,1303,977,62.1561504265
267,59,455,383,86.9113598225
267,115,611,408,54.8618918342
267,136,810,720,63.590768697200005
267,16,458,325,66.8975586539
267,249,638,445,67.1043408291
267,122,682,529,64.462857676
267,187,1080,751,84.70942246770001
267,72,908,629,58.2540208372
267,70,1053,721,70.48351104449999
268,263,398,282,75.9255085876
268,309,600,470,61.6608872979
268,109,582,442,61.7030344539
268,190,716,503,76.2721221332
268,0,1001,738,63.027657875
268,120,1041,768,72.0930478377
268,166,1113,824,77.7476749914
268,5,1013,724,76.9910188843
268,133,1092,790,61.452211193000004
269,147,528,405,67.5403061262
269,199,844,653,72.6879923273
269,293,663,589,81.2891103011
269,192,732,532,80.5927926709
269,300,616,504,73.9066280355
269,56,594,467,45.552062742
269,274,657,487,69.9193069262
269,234,1038,846,71.5451252288
269,202,662,556,76.03960916279999
270,318,443,332,74.25131940680001
270,148,548,412,83.6651037068
270,25,622,509,64.5694833772
270,290,1339,1024,80.1331186482
270,126,1041,748,74.4471212377
270,60,1109,834,81.6161554528
270,110,1228,931,55.635152385699996
270,34,1362,1021,85.3564679043
270,47,1503,1097,77.6106889508
271,52,647,487,64.7828728511
271,260,1091,808,69.987682799
271,291,716,543,82.4871563716
271,127,614,502,85.4892212167
271,220,1001,783,61.1917454339
271,257,1447,1111,67.0741025388
271,66,1231,959,62.377271960600005
271,53,1208,917,62.7583762459
271,334,1197,901,65.7226614057
272,326,403,394,67.2092026481
272,5,405,272,76.9910188843
272,308,557,459,83.8734698308
272,120,1026,869,72.0930478377
272,195,748,515,55.4870826708
272,149,954,768,81.7813531621
272,67,737,562,71.3257727816
272,186,748,589,87.8359656847
272,0,1011,864,63.027657875
273,17,367,286,67.9958824949
273,215,491,349,86.3283618559
273,123,801,622,63.4219650863
273,22,634,456,60.9683429662
273,31,619,498,78.9811414735
273,344,706,547,67.6222090507
273,325,664,505,64.669227351
273,295,837,663,70.154086959
273,168,1049,798,68.8737698393
274,56,434,356,45.552062742
274,192,546,404,80.5927926709
274,269,657,505,78.4049566324
274,147,811,618,67.5403061262
274,199,725,577,72.6879923273
274,65,759,580,79.7640361795
274,150,767,554,76.7812260557
274,131,1065,847,84.8564642506
274,30,1142,833,80.85567106149999
275,10,423,339,68.5036702937
275,245,617,401,51.386661895100005
275,298,924,689,84.1459358039
275,26,594,436,77.2854769087
275,8,664,520,58.8756459072
275,78,958,718,68.670324345
275,136,878,644,63.590768697200005
275,315,863,619,79.9585255857
275,87,1302,976,95.77306695530001
276,31,260,195,78.9811414735
276,174,490,370,66.4031129784
276,140,660,487,75.2367904404
276,40,749,543,75.8165504817
276,295,772,579,70.154086959
276,244,738,542,73.9788415564
276,327,730,518,61.3202421257
276,324,912,645,64.1335131941
276,273,889,647,93.700298358
277,238,631,464,75.8402680207
277,221,492,348,75.5059659219
277,54,519,370,57.4199192507
277,125,531,394,78.4134348602
277,169,1149,879,75.33710186260001
277,93,1326,965,58.747159598
277,241,839,582,60.021995610699996
277,278,1085,786,68.9933087846
277,64,1061,752,76.4300580715
278,58,336,236,71.9299716552
278,241,804,598,60.021995610699996
278,185,684,499,57.863476116499996
278,54,618,521,57.4199192507
278,64,791,595,76.4300580715
278,221,663,498,75.5059659219
278,43,965,718,68.7891225744
278,336,1452,1098,65.8663886407
278,153,1012,803,79.9387593446
279,314,683,533,88.7480163458
279,143,710,576,77.0316701149
279,329,752,572,54.7699059658
279,154,690,493,88.2140044831
279,181,684,526,54.627103762299996
279,183,1043,811,63.9798558446
279,172,1195,916,62.875582585100005
279,79,1042,769,74.1478617835
279,39,1308,1050,70.7502212608
280,80,568,422,81.1898640724
280,41,785,569,67.5753996258
280,131,579,424,84.8564642506
280,65,704,473,79.7640361795
280,139,855,615,78.33771847850001
280,258,1054,811,72.9244282366
280,194,1087,775,67.2482267802
280,27,1122,817,71.1402668045
280,160,1025,782,77.06697458939999
281,6,409,376,79.56075235770001
281,315,794,744,79.9585255857
281,89,544,397,61.3296155598
281,26,670,680,77.2854769087
281,57,747,542,79.7970072921
281,98,738,534,70.6516892842
281,87,901,730,95.77306695530001
281,250,1089,839,59.4316808904
281,102,1042,880,94.93728557040001
282,246,451,339,89.0083571717
282,264,545,412,70.0731934033
282,134,759,644,67.074923526
282,342,593,497,71.53704598770001
282,138,801,631,68.8844873755
282,226,818,658,67.95204228850001
282,302,1155,938,76.7783417243
282,178,1341,986,62.6730520085
282,218,1055,874,70.8090481686
283,61,600,428,72.3877267642
283,208,641,494,63.37256966020001
283,93,1169,888,58.747159598
283,284,1307,1005,63.417705751199996
283,91,962,684,67.9098923457
283,156,1228,857,86.85620474219999
283,170,1275,1044,75.6830011052
283,227,1645,1217,69.6251481991
283,13,1887,1450,88.44241252379999
284,170,517,427,75.6830011052
284,227,910,629,69.6251481991
284,283,1307,974,60.528156464700004
284,178,1481,1066,62.6730520085
284,208,1551,1185,63.37256966020001
284,156,1114,751,86.85620474219999
284,172,1145,924,62.875582585100005
284,61,1910,1402,72.3877267642
284,143,1441,1145,77.0316701149
285,266,577,435,74.9648619104
285,335,857,709,70.5791503184
285,77,674,478,62.728582805100004
285,237,738,565,62.1561504265
285,180,1099,874,75.6398021621
285,102,1269,1047,94.93728557040001
285,245,1163,924,51.386661895100005
285,219,1328,1046,86.88339652110001
285,137,1237,881,91.9293145192
286,50,376,260,80.4023501608
286,162,567,418,67.7696183045
286,101,913,661,82.2326195463
286,71,817,585,72.3600032368
286,239,783,550,72.6806896267
286,119,1227,885,72.781853626
286,153,977,714,79.9387593446
286,183,1018,761,63.9798558446
286,36,1001,729,67.475269297
287,30,397,321,80.85567106149999
287,150,556,463,76.7812260557
287,92,510,386,77.1766881104
287,165,745,600,43.5423933819
287,4,1224,970,86.04048798950001
287,14,1033,816,76.777572239
287,274,1144,933,69.9193069262
287,65,1267,1035,79.7640361795
287,27,1663,1309,71.1402668045
288,236,297,218,69.90468507770001
288,70,437,324,70.48351104449999
288,187,380,304,84.70942246770001
288,254,585,478,66.6649921522
288,115,849,640,54.8618918342
288,214,815,605,67.8202577155
288,249,810,653,67.1043408291
288,167,856,669,75.1291291517
288,47,966,724,77.6106889508
289,11,400,334,61.66656297390001
289,124,622,462,85.2104830656
289,301,731,579,71.1340580299
289,15,752,577,82.66253574779999
289,116,994,824,68.9461574578
289,105,980,779,80.3006708206
289,55,938,790,71.0529137571
289,171,1113,828,58.4221086701
289,90,1123,806,73.878624965
290,110,373,267,55.635152385699996
290,46,809,601,71.6928034532
290,38,614,463,80.2301821824
290,25,714,542,64.5694833772
290,270,1339,988,64.8311243828
290,34,842,601,85.3564679043
290,24,1017,772,85.7473585269
290,148,1193,895,83.6651037068
290,60,919,651,81.6161554528
291,127,527,422,85.4892212167
291,35,410,314,75.9632200282
291,52,500,376,64.7828728511
291,334,799,587,65.7226614057
291,271,716,518,74.14765543899999
291,60,746,550,81.6161554528
291,114,613,501,73.96164514670001
291,345,984,776,60.9452905171
291,34,858,653,85.3564679043
292,94,659,489,84.4929743875
292,343,1069,814,78.9897554476
292,224,1725,1269,70.6572126001
292,189,1950,1427,98.6161597459
292,68,2246,1648,64.209227948
292,103,2880,2145,82.6864804786
292,297,2599,1916,62.9668989318
292,128,2496,1856,63.5558973763
292,331,2385,1759,64.0516170237
293,202,366,291,76.03960916279999
293,296,458,366,81.73152426770001
293,234,486,361,71.5451252288
293,269,663,514,78.4049566324
293,300,748,544,73.9066280355
293,313,903,672,67.72113476770001
293,199,713,513,72.6879923273
293,147,865,634,67.5403061262
293,336,872,678,65.8663886407
294,222,509,389,66.37464485859999
294,28,794,630,76.4428413975
294,74,799,567,75.3109547828
294,1,628,437,78.8726802496
294,306,761,560,55.6059862308
294,216,881,633,74.9393993009
294,113,1183,932,85.507360565
294,338,904,650,60.8126910815
294,323,988,756,72.1587172494
295,31,546,431,78.9811414735
295,168,515,374,68.8737698393
295,179,655,453,73.3533865479
295,140,714,536,75.2367904404
295,17,632,449,67.9958824949
295,276,772,594,63.2281196023
295,273,837,630,93.700298358
295,255,977,694,62.698390911400004
295,259,1031,732,73.7665396324
296,202,300,210,76.03960916279999
296,293,458,318,81.2891103011
296,336,554,421,65.8663886407
296,234,878,631,71.5451252288
296,142,795,587,67.6734947167
296,43,730,550,68.7891225744
296,313,1056,749,67.72113476770001
296,212,1178,911,50.5839205185
296,269,969,677,78.4049566324
297,68,365,289,64.209227948
297,103,280,229,82.6864804786
297,307,360,282,73.9549985055
297,323,809,637,72.1587172494
297,224,896,683,70.6572126001
297,312,813,645,75.1399918203
297,128,1052,802,63.5558973763
297,216,886,669,74.9393993009
297,310,1492,1123,80.6914290024
298,8,584,479,58.8756459072
298,219,931,660,86.88339652110001
298,275,924,707,73.46672758369999
298,245,859,586,51.386661895100005
298,48,675,519,85.5014569162
298,266,958,651,74.9648619104
298,78,1066,818,68.670324345
298,10,1348,1046,68.5036702937
298,191,1137,855,79.4434469327
299,252,263,197,56.9405175212
299,253,428,295,78.0665201707
299,151,535,399,67.51764459479999
299,230,531,397,84.8557757647
299,332,712,491,67.6554981801
299,177,1278,924,82.8829616046
299,204,931,666,74.58484241859999
299,82,851,613,73.57972019600001
299,111,1092,766,70.93111600659999
300,147,424,314,67.5403061262
300,182,472,350,76.1260145942
300,234,892,695,71.5451252288
300,269,617,458,78.4049566324
300,293,748,587,81.2891103011
300,316,849,703,80.4903853552
300,131,826,653,84.8564642506
300,56,912,697,45.552062742
300,73,1159,935,80.0827003231
301,209,513,371,81.20876843479999
301,124,647,466,85.2104830656
301,135,514,362,83.2225262497
301,105,542,430,80.3006708206
301,289,731,524,77.23967801100001
301,171,756,541,58.4221086701
301,11,872,662,61.66656297390001
301,23,948,699,86.9757323843
301,116,934,763,68.9461574578
302,138,393,257,68.8844873755
302,342,778,601,71.53704598770001
302,45,815,601,77.1143133982
302,264,618,419,70.0731934033
302,340,1328,988,64.1130886905
302,2,1329,969,53.5807796005
302,282,1155,831,65.9800547207
302,246,1514,1102,89.0083571717
302,134,1824,1408,67.074923526
303,223,511,353,80.0680664021
303,49,989,765,62.1752820128
303,76,1358,946,93.6568443297
303,90,1727,1221,73.878624965
303,205,1650,1204,75.9494451633
303,289,1662,1181,77.23967801100001
303,124,1792,1286,85.2104830656
303,15,2117,1531,82.66253574779999
303,108,1747,1266,79.4089913448
304,324,545,394,64.1335131941
304,88,501,350,67.0772180219
304,140,539,413,75.2367904404
304,159,655,494,73.0199010585
304,243,565,414,82.86850557140001
304,158,731,506,93.2356838171
304,107,983,724,60.8355051621
304,141,895,650,74.4357256836
304,206,693,484,73.06063161659999
305,220,421,309,61.1917454339
305,21,592,466,88.2752636484
305,23,556,438,86.9757323843
305,14,777,568,76.777572239
305,345,926,709,60.9452905171
305,127,1098,848,85.4892212167
305,92,832,591,77.1766881104
305,337,1024,765,60.251589968000005
305,135,966,752,83.2225262497
306,112,568,439,79.8724751456
306,338,505,368,60.8126910815
306,28,556,455,76.4428413975
306,1,743,544,78.8726802496
306,294,761,581,70.9168956959
306,113,850,689,85.507360565
306,152,889,662,71.3841189542
306,99,1199,921,70.08880067359999
306,157,1149,885,62.1486378799
307,297,360,280,62.9668989318
307,68,351,270,64.209227948
307,312,456,360,75.1399918203
307,323,664,527,72.1587172494
307,103,641,509,82.6864804786
307,128,911,697,63.5558973763
307,216,526,386,74.9393993009
307,224,884,666,70.6572126001
307,74,887,658,75.3109547828
308,186,308,214,87.8359656847
308,272,557,437,48.07760091390001
308,326,710,536,67.2092026481
308,149,606,463,81.7813531621
308,67,734,548,71.3257727816
308,5,868,636,76.9910188843
308,200,1020,726,73.6288779035
308,195,1087,790,55.4870826708
308,120,1412,1103,72.0930478377
309,268,600,423,67.269211196
309,0,401,269,63.027657875
309,166,513,354,77.7476749914
309,109,576,425,61.7030344539
309,120,732,513,72.0930478377
309,263,1013,729,75.9255085876
309,118,876,601,77.6481734864
309,231,1129,786,82.0451668365
309,190,1331,950,76.2721221332
310,322,368,267,62.051770852
310,323,981,756,72.1587172494
310,240,1082,863,57.088533131999995
310,103,1364,1010,82.6864804786
310,222,871,681,66.37464485859999
310,297,1492,1087,62.9668989318
310,307,1645,1219,73.9549985055
310,68,1775,1314,64.209227948
310,242,1552,1188,65.5043449035
311,196,628,492,73.0925962447
311,106,626,485,79.0408366332
311,95,1077,809,64.9384285121
311,330,1373,1058,65.42609246
311,91,1592,1152,67.9098923457
311,339,1690,1281,85.1274876709
311,176,2357,1817,69.7429770467
311,13,2008,1582,88.44241252379999
311,156,2435,1782,86.85620474219999
312,216,637,462,74.9393993009
312,307,456,344,73.9549985055
312,128,512,387,63.5558973763
312,74,676,482,75.3109547828
312,68,771,580,64.209227948
312,297,813,623,62.9668989318
312,323,1035,814,72.1587172494
312,331,1210,887,64.0516170237
312,189,1058,796,98.6161597459
313,33,335,238,85.8128491799
313,199,458,319,72.6879923273
313,341,517,340,65.7374033112
313,202,853,658,76.03960916279999
313,293,903,712,81.2891103011
313,192,778,562,80.5927926709
313,296,1056,827,81.73152426770001
313,269,986,709,78.4049566324
313,142,1015,817,67.6734947167
314,279,683,496,77.58341363310001
314,181,701,519,54.627103762299996
314,39,741,602,70.7502212608
314,190,752,586,76.2721221332
314,143,830,643,77.0316701149
314,145,1247,979,73.0198705199
314,247,835,666,84.185027625
314,154,1215,877,88.2140044831
314,81,1127,898,69.18588285770001
315,26,384,322,77.2854769087
315,6,746,554,79.56075235770001
315,281,793,632,72.5318286267
315,102,704,505,94.93728557040001
315,245,1154,808,51.386661895100005
315,335,1070,748,70.5791503184
315,10,867,702,68.5036702937
315,275,863,685,73.46672758369999
315,89,1339,1026,61.3296155598
316,73,500,370,80.0827003231
316,212,477,361,50.5839205185
316,71,667,538,72.3600032368
316,234,1155,857,71.5451252288
316,101,656,532,82.2326195463
316,182,600,412,76.1260145942
316,119,607,471,72.781853626
316,300,849,578,73.9066280355
316,160,916,649,77.06697458939999
317,12,399,357,76.93059858810001
317,210,596,429,70.9531500802
317,251,1156,951,71.9381969224
317,130,1754,1319,79.4480830286
317,118,1916,1474,77.6481734864
317,149,1965,1530,81.7813531621
317,0,2418,1855,63.027657875
317,319,2004,1545,65.854832127
317,166,2387,1854,77.7476749914
318,270,443,346,64.8311243828
318,60,832,618,81.6161554528
318,334,749,550,65.7226614057
318,262,823,605,76.4636465651
318,34,1085,805,85.3564679043
318,35,1128,854,75.9632200282
318,290,1337,1009,80.1331186482
318,110,1016,766,55.635152385699996
318,148,991,758,83.6651037068
319,231,887,642,82.0451668365
319,118,668,499,77.6481734864
319,166,1030,787,77.7476749914
319,225,1624,1161,72.3210036551
319,309,1543,1185,61.6608872979
319,109,1908,1445,61.7030344539
319,233,1457,1112,77.6193219124
319,12,1688,1340,76.93059858810001
319,0,1654,1247,63.027657875
320,200,402,295,73.6288779035
320,207,638,506,67.8991732946
320,104,417,323,77.4033087035
320,191,731,569,79.4434469327
320,344,761,573,67.6222090507
320,123,939,699,63.4219650863
320,186,616,479,87.8359656847
320,40,988,741,75.8165504817
320,308,924,718,83.8734698308
321,164,653,475,65.5982412424
321,37,683,528,48.3707316667
321,19,914,704,60.586137147799995
321,229,1058,838,73.3096244056
321,44,1555,1134,91.3705713807
321,347,3543,2609,80.5187830018
321,341,2836,2102,65.7374033112
321,33,3516,2657,85.8128491799
321,313,3181,2419,67.72113476770001
322,310,368,271,80.6914290024
322,323,680,563,72.1587172494
322,222,503,414,66.37464485859999
322,240,713,596,57.088533131999995
322,28,950,754,76.4428413975
322,216,1261,953,74.9393993009
322,242,1303,1007,65.5043449035
322,307,1344,1026,73.9549985055
322,103,1340,1030,82.6864804786
323,322,680,524,62.051770852
323,222,536,401,66.37464485859999
323,307,664,463,73.9549985055
323,216,653,457,74.9393993009
323,297,808,573,62.9668989318
323,310,1025,767,80.6914290024
323,103,721,521,82.6864804786
323,312,1035,767,75.1399918203
323,68,1015,734,64.209227948
324,140,408,326,75.2367904404
324,107,480,362,60.8355051621
324,304,545,411,61.4008508903
324,327,771,585,61.3202421257
324,88,719,525,67.0772180219
324,206,752,533,73.06063161659999
324,158,791,562,93.2356838171
324,243,954,709,82.86850557140001
324,173,939,691,57.1141433037
325,17,297,253,67.9958824949
325,346,581,421,69.3739588173
325,168,415,319,68.8737698393
325,22,571,429,60.9683429662
325,167,535,422,75.1291291517
325,259,729,538,73.7665396324
325,215,907,692,86.3283618559
325,273,664,550,93.700298358
325,7,998,703,83.1785942079
326,272,403,367,48.07760091390001
326,120,725,570,72.0930478377
326,149,616,474,81.7813531621
326,308,710,518,83.8734698308
326,5,850,612,76.9910188843
326,0,710,565,63.027657875
326,186,916,657,87.8359656847
326,195,1136,888,55.4870826708
326,67,1089,876,71.3257727816
327,213,514,367,49.9237763459
327,107,419,321,60.8355051621
327,248,415,304,61.4663473971
327,244,578,407,73.9788415564
327,324,771,570,64.1335131941
327,174,620,477,66.4031129784
327,140,671,519,75.2367904404
327,276,730,566,63.2281196023
327,173,833,599,57.1141433037
328,211,354,285,65.8157864961
328,172,699,536,62.875582585100005
328,183,713,531,63.9798558446
328,329,1083,777,54.7699059658
328,170,1102,850,75.6830011052
328,208,895,627,63.37256966020001
328,169,1414,1066,75.33710186260001
328,143,1293,997,77.0316701149
328,93,1394,1010,58.747159598
329,183,512,400,63.9798558446
329,172,614,470,62.875582585100005
329,143,546,438,77.0316701149
329,279,756,551,77.58341363310001
329,154,844,590,88.2140044831
329,328,1083,820,71.58515543840001
329,211,1425,1094,65.8157864961
329,314,1291,965,88.7480163458
329,79,1204,865,74.1478617835
330,95,461,351,64.9384285121
330,13,635,524,88.44241252379999
330,91,1149,844,67.9098923457
330,311,1374,1085,71.93896763720001
330,196,1377,1113,73.0925962447
330,61,1407,1088,72.3877267642
330,125,1685,1352,78.4134348602
330,283,1867,1486,60.528156464700004
330,106,2010,1585,79.0408366332
331,189,435,334,98.6161597459
331,128,697,524,63.5558973763
331,312,1210,921,75.1399918203
331,224,1531,1143,70.6572126001
331,68,1602,1213,64.209227948
331,307,1608,1215,73.9549985055
331,343,1315,1026,78.9897554476
331,297,1749,1317,62.9668989318
331,216,1753,1299,74.9393993009
332,111,438,318,70.93111600659999
332,252,669,526,56.9405175212
332,177,624,478,82.8829616046
332,299,712,569,66.710135421
332,230,1022,798,84.8557757647
332,253,1035,787,78.0665201707
332,3,1257,937,80.3057668322
332,151,1181,912,67.51764459479999
332,82,1458,1105,73.57972019600001
333,175,338,273,73.6499238726
333,243,578,478,82.86850557140001
333,144,503,418,74.8199191123
333,258,445,379,72.9244282366
333,160,707,565,77.06697458939999
333,88,755,626,67.0772180219
333,158,767,616,93.2356838171
333,159,821,687,73.0199010585
333,141,931,753,74.4357256836
334,262,411,316,76.4636465651
334,291,775,598,82.4871563716
334,35,707,546,75.9632200282
334,60,710,551,81.6161554528
334,52,707,551,64.7828728511
334,53,775,591,62.7583762459
334,318,749,577,74.25131940680001
334,232,856,651,82.9287572766
334,228,1093,824,66.635230758
335,102,473,383,94.93728557040001
335,245,678,498,51.386661895100005
335,266,671,472,74.9648619104
335,180,841,613,75.6398021621
335,285,857,615,56.675571910600006
335,315,1070,823,79.9585255857
335,77,1135,785,62.728582805100004
335,6,1124,824,79.56075235770001
335,26,1454,1145,77.2854769087
336,296,554,397,81.73152426770001
336,43,597,456,68.7891225744
336,212,663,531,50.5839205185
336,142,908,679,67.6734947167
336,234,698,491,71.5451252288
336,202,854,607,76.03960916279999
336,185,854,670,57.863476116499996
336,58,1256,983,71.9299716552
336,293,874,609,81.2891103011
337,21,569,467,88.2752636484
337,90,453,341,73.878624965
337,171,540,449,58.4221086701
337,76,712,534,93.6568443297
337,23,770,616,86.9757323843
337,124,1008,780,85.2104830656
337,217,995,742,60.296474374700004
337,305,1024,781,76.0527870076
337,135,1157,908,83.2225262497
338,152,385,294,71.3841189542
338,1,570,454,78.8726802496
338,306,505,411,55.6059862308
338,18,677,528,77.1657407476
338,112,999,801,79.8724751456
338,294,904,716,70.9168956959
338,47,913,693,77.6106889508
338,148,1326,1015,83.6651037068
338,28,1018,849,76.4428413975
339,106,1139,866,79.0408366332
339,176,1077,834,69.7429770467
339,311,1690,1257,71.93896763720001
339,196,1533,1138,73.0925962447
339,188,1724,1320,67.37301938510001
339,95,2544,1884,64.9384285121
339,117,2312,1765,81.5101077422
339,91,2519,1830,67.9098923457
339,330,2864,2139,65.42609246
340,45,955,712,77.1143133982
340,138,925,675,68.8844873755
340,302,1329,1023,76.7783417243
340,342,755,567,71.53704598770001
340,117,1942,1446,81.5101077422
340,246,1362,1016,89.0083571717
340,264,1373,978,70.0731934033
340,282,1348,987,65.9800547207
340,178,2141,1579,62.6730520085
341,199,736,590,72.6879923273
341,313,517,446,67.72113476770001
341,192,618,500,80.5927926709
341,33,673,551,85.8128491799
341,347,1610,1183,80.5187830018
341,44,1269,942,91.3705713807
341,269,1332,1041,78.4049566324
341,202,1335,1078,76.03960916279999
341,274,1163,908,69.9193069262
342,138,374,276,68.8844873755
342,246,769,544,89.0083571717
342,302,778,624,76.7783417243
342,282,593,420,65.9800547207
342,264,822,579,70.0731934033
342,340,755,555,64.1130886905
342,45,1141,883,77.1143133982
342,134,1262,997,67.074923526
342,178,1657,1189,62.6730520085
343,94,486,373,84.4929743875
343,224,656,454,70.6572126001
343,189,881,617,98.6161597459
343,68,1177,833,64.209227948
343,128,1427,1046,63.5558973763
343,292,1069,793,63.241937908800004
343,331,1316,949,64.0516170237
343,297,1537,1105,62.9668989318
343,103,1818,1334,82.6864804786
344,123,314,235,63.4219650863
344,104,581,434,77.4033087035
344,215,706,478,86.3283618559
344,200,602,449,73.6288779035
344,320,761,570,72.9389813864
344,273,706,498,93.700298358
344,122,751,519,64.462857676
344,40,793,595,75.8165504817
344,22,1131,815,60.9683429662
345,127,455,353,85.4892212167
345,135,540,415,83.2225262497
345,23,672,527,86.9757323843
345,114,755,577,73.96164514670001
345,209,619,479,81.20876843479999
345,220,794,594,61.1917454339
345,305,927,693,76.0527870076
345,291,984,722,82.4871563716
345,35,1164,865,75.9632200282
346,259,381,276,73.7665396324
346,325,605,493,64.669227351
346,7,563,407,83.1785942079
346,168,451,386,68.8737698393
346,167,502,358,75.1291291517
346,198,634,456,89.7953549309
346,75,771,547,73.7024580651
346,63,718,507,77.0884917602
346,146,624,447,75.3200530245
347,44,1999,1496,91.3705713807
347,341,1611,1202,65.7374033112
347,192,2228,1702,80.5927926709
347,164,3074,2328,65.5982412424
347,199,2347,1792,72.6879923273
347,313,1966,1529,67.72113476770001
347,274,2310,1736,69.9193069262
347,33,1629,1272,85.8128491799
347,30,1150,844,80.85567106149999
