,Unnamed: 0,latitude,longitude,address,position,pm2.5,long_wgs84,lat_wgs84,E_utm,N_utm,geometry,x,y,z
0,72,50.812489,4.3792029999999995,FERMÉE-TRAVAUX STIB - ULB SOLBOSCH / VUB SOLBOSCH - AV. F.ROOSEVELT/F.ROOSEVELTLAAN 19,"50.812489, 4.379203",63.027657875,4.3792029999999995,50.812489,5252547.52739,10123189.8288,POINT (4.379203 50.812489),-1779.6322426681895,-5142.129958454555,3313.766674227374
1,207,50.833424,4.313378,BIESTEBROECK / BIESTEBROEK - CHEE DE MONS (FACE AU 518-526) / BERGENSESTEENWEG (TEGENOVER 518-526),"50.833424, 4.313378",78.8726802496,4.313378,50.833424,5249729.75985,10117127.1958,POINT (4.313378 50.833424),-2086.6009872474538,-4948.915888729427,3426.9474530986595
2,297,50.804455,4.426369,TEN REUKEN - BD DU SOUVERAIN FACE 76,"50.804455, 4.426369",53.5807796005,4.426369,50.804455,5253563.37317,10127507.1661,POINT (4.426369 50.804455),-1542.670938424664,-5245.690848971454,3269.944172727894
3,298,50.877037,4.300847,HALL DES SPORTS - AV DES 9 PROVINCES / 9 PROVINCIES LAAN / RUE VANDERVEKEN/STRAAT,"50.877037, 4.300847",80.3057668322,4.300847,50.877037,5243519.04565,10115808.214,POINT (4.300847 50.877037),-2086.639177989274,-4780.7632204056845,3657.8519613697495
4,96,50.863875,4.358708,HOTEL PRESIDENT/PRESIDENT HOTEL - BOULEVARD DU ROI ALBERT II/KONING ALBERT-II LAAN,"50.863875, 4.358708",86.04048798950001,4.358708,50.863875,5245246.4604400005,10121105.1034,POINT (4.358708 50.863875),-1823.1998946958067,-4938.169909312602,3588.8802001098843
5,113,50.820042,4.374785,ABBAYE DE LA CAMBRE/ABDIJ TER KAMEREN - AVENUE EMILE DURAY (FACE AU N° 2) /EMILE DURAYLAAN (TEGENOVER N° 2),"50.820042, 4.374785",76.9910188843,4.374785,50.820042,5251478.06111,10122755.4369,POINT (4.374785 50.820042),-1793.99115267384,-5110.455137800409,3354.770488223805
6,235,50.810085,4.324864,FOREST NATIONAL / VORST NATIONAAL - AV VICTOR ROUSSEAU DVT FOREST NATIONAL / VICTOR ROUSSEAU LAAN VOOR VORST NATIONAAL,"50.810085, 4.324864",79.56075235770001,4.324864,50.810085,5253041.81848,10118268.4474,POINT (4.324864 50.810085),-2059.290720487981,-5045.245327233419,3300.6760393200434
7,36,50.845124,4.351486,PLACE ST JEAN/SINT-JANSPLEIN - RUE DU LOMBARD/LOMBARDSTRAAT 42,"50.845124, 4.351486",83.1785942079,4.351486,50.845124,5247950.87147,10120532.371,POINT (4.351486 50.845124),-1882.2505270360668,-4986.964468467309,3489.5500202342732
8,240,50.81418,4.347721,VANDERKINDERE - AVENUE ALBERT/ALBERTLAAN N° 272,"50.81418, 4.347721",58.8756459072,4.347721,50.81418,5252392.87859,10120325.3116,POINT (4.347721 50.81418),-1938.6069705348893,-5078.322450291858,3322.963301731639
9,281,50.895485,4.341311,ATOMIUM - BOULEVARD DU CENTENAIRE / EEUWFEESTLAAN,"50.895485, 4.341311",71.54948504069999,4.341311,50.895485,5240770.34444,10119392.7837,POINT (4.341311 50.895485),-1866.7450212652536,-4797.549846487399,3753.4543418097046
10,228,50.816525,4.336212000000001,ALTITUDE CENT / HOOGTE HONDERD - PLACE DE L'ALTITUDE 100 (FACE 31) / HOOGTE HONDERDPLEIN (TEGENOVER 31),"50.816525, 4.336212",68.5036702937,4.336212000000001,50.816525,5252088.479309999,10119270.7523,POINT (4.336212 50.816525),-1994.0555602442787,-5048.413819235754,3335.7010256328954
11,253,50.872475,4.314266,REINE FABIOLA / KONINGIN FABIOLA - AV PIETER GODEFROY / PIETER GODEFROYLAAN,"50.872475, 4.314266",61.66656297390001,4.314266,50.872475,5244136.31642,10117042.6234,POINT (4.314266 50.872475),-2028.7485179793348,-4823.664500520089,3634.017231277108
12,245,50.798988,4.3755809999999995,CHEE DE WATERLOO/WATERLOOSESTEENWEG 1050,"50.798988, 4.375581",76.93059858810001,4.3755809999999995,50.798988,5254491.84947,10122920.9369,POINT (4.375581 50.798988),-1812.866211918932,-5177.406549187209,3240.002858349988
13,333,50.856582,4.430988,TRACTEBEL - AV MARCEL THIRY FACE AU N°93,"50.856582, 4.430988",88.44241252379999,4.430988,50.856582,5246085.21476,10127686.3625,POINT (4.430988 50.85658200000001),-1469.0487404877554,-5081.9517285676875,3550.3948268578843
14,95,50.87808,4.34793,PLACE BOCKSTAEL/BOCKSTAELPLAATS - BLD EMILE BOCKSTAEL/EMILE BOCKSTAELLAAN 254,"50.87808, 4.34793",76.777572239,4.34793,50.87808,5243242.94204,10120067.1427,POINT (4.34793 50.87808),-1857.9563515520872,-4870.106918939665,3663.2905691226924
15,256,50.874767,4.308977,VAN OVERBEKE / AV VAN OVERBEKE / VAN OVERBEKELAAN,"50.874767, 4.308977",82.66253574779999,4.308977,50.874767,5243822.36883,10116553.9659,POINT (4.308977 50.874767),-2050.957304917177,-4805.193837639204,3646.001551853907
16,224,50.824352000000005,4.334465,ROCHEFORT - AV. WIELEMANS CEUPPENS LAAN 184-190,"50.824352, 4.334465",66.8975586539,4.334465,50.824352000000005,5250972.13398,10119078.5889,POINT (4.334465 50.824352),-1993.177007768551,-5020.50209716355,3378.083052276721
17,16,50.835968,4.355508,LOUISE/LOUIZA - PLACE LOUISE/LOUIZAPLEIN 53,"50.835968, 4.355508",67.9958824949,4.355508,50.835968,5249250.85306,10120936.9118,POINT (4.355508 50.835968),-1873.2615294990574,-5024.221919970756,3440.5997065895685
18,2,50.836151,4.3260190000000005,ELOY - RUE ELOY / ELOYSTRAAT,"50.836151, 4.326019",77.1657407476,4.3260190000000005,50.836151,5249305.2271,10118261.9988,POINT (4.326019 50.836151),-2020.3476049914493,-4966.2216418618855,3441.580909830242
19,305,50.895592,4.387965,PETER BENOIT - PLACE PETER BENOIT PLAATS 2-4,"50.895592, 4.387965",60.586137147799995,4.387965,50.895592,5240625.66335,10123613.9838,POINT (4.387965 50.895592),-1640.842080985547,-4879.008465336753,3754.0051492291955
20,98,50.85904,4.312402,CIMETIERE/KERKHOF - BLD METTEWIE/METTEWIELAAN 40 INTERSECTION CHAUSSÉE DE GAND/GENTSESTEENWEEG,"50.85904, 4.312402",69.1429609991,4.312402,50.85904,5246064.492380001,10116930.5083,POINT (4.312402 50.85904),-2056.5638195010542,-4864.4074257486,3563.3869636402264
21,166,50.876205,4.337137,GC ESSEGEM - RUE AMELIE GOMAND 51- 45,"50.876205, 4.337137",88.2752636484,4.337137,50.876205,5243540.76622,10119097.9302,POINT (4.337137 50.876205),-1912.9242363476426,-4856.152918288664,3653.510736290544
22,39,50.834237,4.350732,HOTEL DES MONNAIES/MUNTHOTEL - BLD DE WATERLOO- WATERLOOLAAN 93/94/95/96/98,"50.834237, 4.350732",60.9683429662,4.350732,50.834237,5249511.91022,10120511.3432,POINT (4.350732 50.834237),-1899.3401789318636,-5020.7808550138225,3431.3127940515337
23,88,50.873354,4.3343110000000005,WOESTE - AVENUE NOTRE DAME DE LOURDES / ONZE-LIEVE-VROUW VAN LOURDESLAAN,"50.873354, 4.334311",86.9757323843,4.3343110000000005,50.873354,5243956.5000599995,10118854.2564,POINT (4.334311 50.873354),-1930.4771999781162,-4860.3884099535435,3638.6155725432054
24,258,50.862152,4.323353,"FERMÉE - TRAVAUX DE VOIRIE - LIBERTE - AV DE LA LIBERTE, 44 / VRIJHEIDSLAAN,44","50.862152, 4.323353",85.7473585269,4.323353,50.862152,5245589.60741,10117909.5342,POINT (4.323353000000001 50.862152),-1998.9556317506278,-4876.352465689052,3579.805024391796
25,193,50.848865999999994,4.320628,"GARE DE L'OUEST - CHEE DE NINOVE 207,209 / NINOOFSESTEENWEG 207,209","50.848866, 4.320628",64.5694833772,4.320628,50.848865999999994,5247499.06306,10117719.0906,POINT (4.320628 50.848866),-2030.2178131566181,-4914.41398425948,3509.4717298272144
26,233,50.813858,4.330992,PARC DUDEN / DUDEN PARK - AV VICTOR ROUSSEAU FACE 132 / VICTOR ROUSSEAULAAN VOOR 132,"50.813858, 4.330992",77.2854769087,4.330992,50.813858,5252484.71912,10118808.4922,POINT (4.330992 50.813858),-2023.6851674580766,-5046.175264058617,3321.2128127256647
27,141,50.860652,4.358116000000001,GARE DU NORD/NOORDSTATION - PLACE SIMON BOLIVAR/ SIMON BOLIVARLAAN,"50.860652, 4.358116",71.1402668045,4.358116000000001,50.860652,5245709.46627,10121065.5509,POINT (4.358116 50.860652),-1830.1261580996816,-4947.91268880027,3571.8957528808937
28,203,50.84045,4.305055,FERMÉE - DÉPLACEMENT STATION - DEMOSTHENE - BD PRINCE DE LIEGE / PRINS VAN LUIKLAAN 216-218-220,"50.84045, 4.305055",76.4428413975,4.305055,50.84045,5248745.80201,10116342.8451,POINT (4.305055 50.84045),-2118.1269255366815,-4909.1486641677875,3464.5979161247787
29,48,50.849358,4.363589,CONGRES - RUE ROYALE/KONINGSSTRAAT 144-146-148,"50.849358, 4.363589",61.2441039757,4.363589,50.849358,5247311.18479,10121610.9503,POINT (4.363589 50.849358),-1816.6910265214271,-4995.449612632165,3512.087396664508
30,327,50.874082,4.362205,SIBELGA - QUAI DES USINES / WERKHUIZENKAAI 16,"50.874082, 4.362205",80.85567106149999,4.362205,50.874082,5243775.798359999,10121377.1921,POINT (4.362205 50.874082),-1793.2588874666455,-4909.8499567132485,3642.4218543552583
31,103,50.834792,4.364115,ERNEST SOLVAY - RUE DE L'ARBRE BENIT/GEWIJDE BOOMSTRAAT 2-4-6,"50.834792, 4.364115",78.9811414735,4.364115,50.834792,5249395.405230001,10121722.5637,POINT (4.364115 50.83479200000001),-1831.3287859941,-5043.958527129099,3434.2915214336467
32,30,50.853666,4.351771,LAEKEN/LAKEN - RUE DE LAEKEN (ENTRE N° 119 ET 109) / LAKENSESTRAAT (TUSSEN N° 119 EN 109),"50.853666, 4.351771",65.3059061944,4.351771,50.853666,5246727.08197,10120521.0579,POINT (4.351771 50.853666),-1870.2429407803002,-4959.428617936638,3534.954048647952
33,169,50.877125,4.3875150000000005,GEORGES EEKHOUD - AVENUE GEORGES EEKHOUD/GEORGES EEKHOUDLAAN 56,"50.877125, 4.387515",85.8128491799,4.3875150000000005,50.877125,5243269.50433,10123655.614,POINT (4.387515 50.877125),-1664.8839267000112,-4943.132941168083,3658.310981389489
34,84,50.858959999999996,4.330107,STE ANNE/SINT-ANNA  -  RUE DE L'EGLISE STE ANNE/SINT-ANNAKERKSTRAAT 116,"50.85896, 4.330107",85.3564679043,4.330107,50.858959999999996,5246028.3227699995,10118535.0978,POINT (4.330107 50.85896),-1970.2279976232867,-4900.319067811038,3562.964449868802
35,259,50.859608,4.33409,NOVILLE - SQ NOVILLE,"50.859608, 4.33409",75.9632200282,4.33409,50.859608,5245924.75504,10118893.2137,POINT (4.33409 50.859608),-1949.8413076368367,-4905.9810094435015,3566.3861554818754
36,62,50.841770000000004,4.384180000000001,CORTENBERGH / KORTENBERG - AVENUE D'AUDERGHEM 1 - 9 /OUDERGHEMLAAN 1-9,"50.84177, 4.38418",67.475269297,4.384180000000001,50.841770000000004,5248340.00742,10123511.0393,POINT (4.38418 50.84177),-1721.9929534912483,-5056.877570942185,3471.652416447873
37,275,50.896278,4.372427,VERSAILLES - AVENUE DE VERSAILLES / VERSAILLESLAAN 125,"50.896278, 4.372427",48.3707316667,4.372427,50.896278,5240571.0879,10122204.9659,POINT (4.372427 50.896278),-1715.5918709682076,-4850.4961296900365,3757.535472637588
38,174,50.853947,4.31635,MENNEKENS - AVENUE BRIGADE PIRON (FACE AUX 80 - 82 - 84)/ BRIGADE PIRONLAAN (TEGENOVER 80 - 82 - 84),"50.853947, 4.31635",80.2301821824,4.31635,50.853947,5246783.07327,10117309.8034,POINT (4.31635 50.853947),-2044.3177341457008,-4889.169124659142,3536.443308231754
39,354,50.821557,4.4022879999999995,TRIOMPHE - BD DU TRIOMPHE / TRIOMFLAAN  105 - 107,"50.821557, 4.402288",70.7502212608,4.4022879999999995,50.821557,5251183.18418,10125243.9277,POINT (4.402288 50.821557),-1651.2247270753414,-5153.010391264998,3362.9721688128657
40,69,50.827577000000005,4.363797,LESBROUSSART - AVENUE LOUISE/LOUIZALAAN 192,"50.827577, 4.363797",75.8165504817,4.363797,50.827577000000005,5250429.5501,10121725.399,POINT (4.363797 50.827577),-1841.348573074526,-5066.532543976182,3395.4858876553517
41,60,50.856714000000004,4.362106,ST-LAZARE/SINT-LAZARUS   -   BLD SAINT-LAZARE/SINT-LAZARUSLAAN 4 -10,"50.856714, 4.362106",67.5753996258,4.362106,50.856714000000004,5246262.1662,10121444.3029,POINT (4.362106 50.856714),-1815.1824035623038,-4968.349000107114,3551.0930788888686
42,310,50.88058,4.401674,SAINT VINCENT / SINT-VINCENTIUS - RUE STROOBANTS/STROOBANTSSTRAAT,"50.88058, 4.401674",63.0527347267,4.401674,50.88058,5242734.89908,10124922.0793,POINT (4.401674 50.88058),-1590.8556695345196,-4954.145917077479,3676.3103066817444
43,261,50.868790000000004,4.399587,CONSCIENCE - AVENUE HENRI CONSCIENCE / HENRI CONSCIENCELAAN 83,"50.86879, 4.399587",68.7891225744,4.399587,50.868790000000004,5244428.21036,10124786.1842,POINT (4.399587 50.86879),-1614.4178829148123,-4991.710419745531,3614.709253139006
44,277,50.881588,4.373817,VAN PRAET - AVENUE VAN PRAET / VAN PRAETLAAN,"50.881588, 4.373817",91.3705713807,4.373817,50.881588,5242669.2571,10122395.597000001,POINT (4.373817 50.881588),-1726.9965441081772,-4904.415227461699,3681.553369609115
45,326,50.809406,4.443777,ADEPS - CHEE DE WAVRE / WAVERSESTEENWEG 2057,"50.809406, 4.443777",77.1143133982,4.443777,50.809406,5252803.166,10129064.3603,POINT (4.443777 50.809406),-1446.8104725329763,-5256.076016115442,3296.975184830019
46,97,50.858058,4.318689,KARREVELD - CHAUSSEE DE GAND/ GENTSESTEENWEG 1-3,"50.858058, 4.318689",71.6928034532,4.318689,50.858058,5246188.239580001,10117504.3406,POINT (4.318689 50.85805800000001),-2027.2822089058102,-4880.470009132039,3558.1990297644525
47,26,50.839413,4.328914,VAN LINT - RUE VAN LINT/ VAN LINTSTRAAT 6 - 8,"50.839413, 4.328914",77.6106889508,4.328914,50.839413,5248830.27089,10118510.5746,POINT (4.328914 50.839413),-2001.7509634515511,-4961.612232768606,3459.0516231998786
48,243,50.811752,4.3534239999999995,RONDPOINT CHURCHILL/ROTONDE CHURCHILL - AV MESSIDOR FACE 338/MESSIDORLAAN TEGENOVER 338,"50.811752, 4.353424",85.5014569162,4.3534239999999995,50.811752,5252724.96971,10120853.4509,POINT (4.353424 50.811752),-1912.44268347156,-5096.834571577523,3309.7554792474116
49,320,50.887001,4.310701,UZ BRUSSEL - AVENUE DE L'ARBRE BALLON / DIKKE-BEUKLAAN,"50.887001, 4.310701",62.1752820128,4.310701,50.887001,5242066.866090001,10116658.5469,POINT (4.310701 50.887001),-2025.0782791016468,-4767.308996054751,3709.644713398596
50,177,50.849409,4.389263,CHASSEURS ARDENNAIS/ARDENSE JAGERSPLEIN - RUE DU NOYER 81-87 /NOTELAARSSTRAAT 81-87,"50.849409, 4.389263",80.4023501608,4.389263,50.849409,5247231.91058,10123937.7166,POINT (4.389263 50.849409),-1687.796358074765,-5040.270065367982,3512.3584842417504
51,184,50.831592,4.385786,PHILIPPE BAUCQ - RUE PHILIPPE BAUCQ / PHILIPPE BAUCQSTRAAT 32 - 38,"50.831592, 4.385786",68.5836527335,4.385786,50.831592,5249792.92547,10123702.0318,POINT (4.385786 50.831592),-1725.1166948585292,-5092.840540525591,3417.102371586107
52,52,50.859212,4.34551,SAINCTELETTE - PLACE SAINCTELETTE/SAINCTELETTEPLEIN,"50.859212, 4.34551",64.7828728511,4.34551,50.859212,5245950.29791,10119929.652999999,POINT (4.34551 50.859212),-1894.1955230299452,-4929.245723125344,3564.295291019505
53,47,50.854714,4.347151,LES QUAIS/KAAIEN - QUAI A LA CHAUX/KALKKAAI 1-2,"50.854714, 4.347151",62.7583762459,4.347151,50.854714,5246589.73859,10120097.8302,POINT (4.347151 50.854714),-1891.811231301621,-4947.2722104597415,3540.506876244393
54,143,50.857217999999996,4.407879,RTL  - CHAUSSEE DE LOUVAIN (DVT 770)/ LEUVENSE STEENWEG (N° 770),"50.857218, 4.407879",57.4199192507,4.407879,50.857217999999996,5246060.94992,10125589.5953,POINT (4.407879 50.857218),-1585.407530560937,-5044.494428482987,3553.7585628521215
55,167,50.869032000000004,4.309731,CHARLES V/KAREL V - AVENUE CHARLES QUINT/KEIZER KARELLAAN 129-131,"50.869032, 4.309731",71.0529137571,4.309731,50.869032000000004,5244641.2472,10116646.3996,POINT (4.309731 50.869032),-2055.493721466142,-4825.897248311314,3615.9787485208703
56,137,50.866609999999994,4.373101999999999,MAISON COMMUNALE DE SCHAERBEEK / SCHAARBEEK GEMEENTEHUIS - RUE ROYALE SAINTE MARIE/KONINKLIJKE SINTE-MARIASTRAAT 241-243-245,"50.86661, 4.373102",45.552062742,4.373101999999999,50.866609999999994,5244814.955709999,10122396.9863,POINT (4.373102 50.86661),-1748.660141723004,-4954.626011956324,3603.2637691952355
57,226,50.819939,4.325277,UNION/UNIE - BD DE LA DEUXIEME ARMEE BRITANNIQUE / BRITS TWEEDELEGERLAAN 8 - 2,"50.819939, 4.325277",79.7970072921,4.325277,50.819939,5251629.14008,10118263.8782,POINT (4.325277 50.819939),-2044.8285341667597,-5015.732756372338,3354.2126024614145
58,146,50.859243,4.401022,LEOPOLD III -  BOULEVARD LEOPOLD III / LEOPOLD III-LAAN,"50.859243, 4.401022",71.9299716552,4.401022,50.859243,5245790.67483,10124959.168,POINT (4.401022 50.859243),-1617.7520878999246,-5026.644138080614,3564.4589899724265
59,76,50.825749,4.345165,PLACE VAN MEENEN/VAN MEENENPLEIN - AV PAUL DEJAER (FACE 35 - 39) / PAUL DEJAERLAAN (TEGENOVER 35 - 39),"50.825749, 4.345165",86.9113598225,4.345165,50.825749,5250742.81425,10120043.2408,POINT (4.345165 50.825749),-1937.6483616863381,-5037.131827319877,3385.625906779331
60,85,50.8572655241,4.33236837869,ETANGS NOIRS /ZWARTE VIJVERS - CHEE DE GAND/STEENWEG OP GENT,"50.8572655241, 4.33236837869",81.6161554528,4.33236837869,50.8572655241,5246264.77664,10118747.2615,POINT (4.33236837869 50.8572655241),-1961.3781735297207,-4910.361556009299,3554.0098550323623
61,350,50.848184,4.425621,VERHEYLEWEGHEN - PLACE VERHEYLEWEGHEN DVT LES N°32-34,"50.848184, 4.425621",72.3877267642,4.425621,50.848184,5247303.07189,10127238.5803,POINT (4.425621 50.848184),-1504.6830497184233,-5102.413542702526,3505.844542921993
62,21,50.851919,4.352776,FERMÉE - TRAVAUX DE VOIRIE - DE BROUCKERE - PLACE DE BROUCKERE/DE BROUCKEREPLEIN,"50.851919, 4.352776",92.94150523489999,4.352776,50.851919,5246974.43008,10120619.7381,POINT (4.352776 50.851919),-1867.4281791768346,-4967.078666223173,3525.6889424858387
63,34,50.84563,4.346941999999999,FERMÉE - TRAVAUX - FONTAINAS - BLD ANSPACH N°180 A 192/ANSPACHLAAN N°180 TOT 192,"50.84563, 4.346942",77.0884917602,4.346941999999999,50.84563,5247890.90962,10120118.2545,POINT (4.346942 50.84563),-1904.2605325564903,-4976.710317142159,3492.2467328925177
64,260,50.867020000000004,4.406994999999999,TRITON - AVENUE DES ANCIENS COMBATTANTS - PISCINE / OUD-STRIJDERSLAAN - ZWEMBAD,"50.86702, 4.406995",76.4300580715,4.406994999999999,50.867020000000004,5244660.40051,10125465.1449,POINT (4.406995 50.86702),-1579.3165508188517,-5009.6270981178095,3605.417669301766
65,139,50.863872,4.366741,LIEDTS - PLACE LIEDTS (FACE AU 38)/ LIEDTSPLEIN (TEGENOVER 38),"50.863872, 4.366741",79.7640361795,4.366741,50.863872,5245224.61074,10121832.8322,POINT (4.366741 50.863872),-1783.4768258406234,-4952.666319445516,3588.864408126818
66,29,50.856584000000005,4.352876999999999,BAUDOUIN/BOUDEWIJN - RUE DE LAEKEN / LAKENSESTRAAT,"50.856584, 4.352877",62.377271960600005,4.352876999999999,50.856584000000005,5246306.2841300005,10120608.5899,POINT (4.352877 50.85658400000001),-1861.1197405701726,-4951.8174196900445,3550.4054068957043
67,73,50.823898,4.367751999999999,VLEURGAT - AVENUE LOUISE/LOUIZALAAN 300,"50.823898, 4.367752",71.3257727816,4.367751999999999,50.823898,5250945.4447099995,10122100.3455,POINT (4.367752 50.823898),-1825.5042352253663,-5085.4985103354375,3375.630339440368
68,220,50.825706,4.288377,LUTHER KING - BD MAURICE CAREME 30 / MAURICE CAREMELAAN 30,"50.825706, 4.288377",64.209227948,4.288377,50.825706,5250901.4527900005,10114891.7679,POINT (4.288377 50.825706),-2220.4796775111195,-4919.168587068386,3385.393834365469
69,223,50.824055,4.326376,FERMÉE - EN RÉPARATION - WIELS - AV.WIELEMANS CEUPPENS/LAAN 7,"50.824055, 4.326376",89.81978876790001,4.326376,50.824055,5251036.619,10118346.0183,POINT (4.326376 50.824055),-2034.099845014334,-5005.144459851089,3376.478603002634
70,349,50.833444,4.334857,FONSNY - AVENUE FONSNY EN FACE DES DEBOUCHES DES RUES COENRAETS ET J. CLAES,"50.833444, 4.334857",70.48351104449999,4.334857,50.833444,5249668.92362,10119075.0823,POINT (4.334857 50.833444),-1979.8048248142618,-4992.5252910963045,3427.054868747498
71,152,50.852389,4.387373,PLACE DAILLY / DAILLYPLEIN - PLACE DAILLY / DAILLYPLEIN 24 - 25,"50.852389, 4.387373",72.3600032368,4.387373,50.852389,5246810.6152800005,10123753.116,POINT (4.387373 50.852389),-1693.9696081155496,-5027.12993505697,3528.18261755751
72,237,50.827971999999995,4.330705,PARVIS ST ANTOINE / ST ANTONIUS VOORPLEIN - RUE DE MERODE/MERODESTRAAT 290,"50.827972, 4.330705",58.2540208372,4.330705,50.827971999999995,5250463.87861,10118721.9719,POINT (4.330705 50.827972),-2007.4718105600587,-5001.590788927984,3397.6149737598957
73,191,50.853972999999996,4.38374,ARTAN - RUE CLAYS,"50.853973, 4.38374",80.0827003231,4.38374,50.853972999999996,5246594.09471,10123416.8221,POINT (4.38374 50.853973),-1710.4159890155256,-5015.646751485446,3536.58109038002
74,216,50.828873,4.303918,ARISTIDE BRIAND - CH DE MONS 718 a 720 / BERGENSESTEENWEG 718 tot 720,"50.828873, 4.303918",75.3109547828,4.303918,50.828873,5250406.78058,10116288.3395,POINT (4.303918 50.828873),-2139.496402373649,-4943.217343503262,3402.469461893636
75,23,50.846331,4.355193,AGORA - PLACE AGORA/AGORAPLEIN 120,"50.846331, 4.355193",73.7024580651,4.355193,50.846331,5247767.830519999,10120863.1544,POINT (4.355193 50.846331),-1862.2769218014237,-4989.958016967874,3495.9812149701047
76,321,50.884251,4.330287,FERMÉE - SACRE-CŒUR DE JETTE/HEILIGE HART VAN JETTE - AVENUE DU SACREE CŒUR FACE 71 A 79/HEILIGE HARTLAAN VOOR 71 TOT 79,"50.884251, 4.330287",93.6568443297,4.330287,50.884251,5242407.82957,10118443.2311,POINT (4.330287 50.884251),-1935.1198770816115,-4815.502909672244,3695.386825254131
77,246,50.796471000000004,4.328415000000001,GATTI DE GAMMOND - RUE DE STALLE PROLONGEE/STALLE STRAAT 160,"50.796471, 4.328415",62.728582805100004,4.328415000000001,50.796471000000004,5254982.69057,10118649.0203,POINT (4.328415 50.796471),-2058.0055803169594,-5093.719898842421,3226.1853052050515
78,230,50.818382,4.346061,BERKENDAEL / BERKENDAAL - AVENUE ALBERT / ALBERTLAAN 134,"50.818382, 4.346061",68.670324345,4.346061,50.818382,5251795.53637,10120156.4493,POINT (4.346061 50.818382),-1942.0157039080614,-5062.0159752011405,3345.77498833722
79,189,50.836923999999996,4.389073000000001,PLACE VAN MEYEL/VAN MEYELPLEIN,"50.836924, 4.389073",74.1478617835,4.389073000000001,50.836923999999996,5249020.084319999,10123976.2995,POINT (4.389073 50.836924),-1702.5542636077512,-5081.135123550186,3445.72428317991
80,55,50.853248,4.366188,BOTANIQUE/KRUIDTUIN - AVENUE GALILEE/GALILEELAAN,"50.853248, 4.366188",81.1898640724,4.366188,50.853248,5246747.02989,10121829.4196,POINT (4.366188 50.85324800000001),-1799.0522092981707,-4987.265083422399,3532.738192379268
81,311,50.818456,4.403490000000001,DELTA - BD DES INVALIDES / INVALIDENLAAN,"50.818456, 4.40349",69.18588285770001,4.403490000000001,50.818456,5251623.89157,10125366.9902,POINT (4.40349 50.818456),-1648.192093388439,-5164.9016191013,3346.176189069637
82,133,50.866795,4.3092224,CHATEAU-KASTEEL - AVENUE DU CHÂTEAU/KASTEELLAAN,"50.866795, 4.3092224",73.57972019600001,4.3092224,50.866795,5244962.81614,10116609.7491,POINT (4.3092224 50.866795),-2061.116314881857,-4832.279520909724,3604.23572596526
83,282,50.890522,4.345112,CENTENAIRE / EEUWFEEST - BOULEVARD DU CENTENAIRE / EEUWFEESTLAAN,"50.890522, 4.345112",76.31658127680001,4.345112,50.890522,5241470.1232900005,10119758.1913,POINT (4.345112 50.890522),-1855.162297359939,-4821.937467146335,3727.8590254172145
84,134,50.862652000000004,4.316644,BASTOGNE/BASTENAKEN - PLACE DE BASTOGNE/BASTENAKENPLEIN,"50.862652, 4.316644",68.175690578,4.316644,50.862652000000004,5245536.05602,10117299.5819,POINT (4.316644 50.862652),-2030.9355943712665,-4861.179661324174,3582.439659204885
85,33,50.848701,4.3560550000000005,MORT SUBITE - RUE MONTAGNE AUX-HERBES-POTAGERES (FACE N° 7)/WARMOESBERG (TEGENOVER N°7),"50.848701, 4.356055",74.5192949252,4.3560550000000005,50.848701,5247426.1168599995,10120930.9525,POINT (4.356055 50.84870100000001),-1855.0793589532632,-4983.782436040039,3508.5943342319247
86,252,50.802563,4.315701,BEMPT - CH DE NEERSTALLE DEVANT 333-335-337 / NEERSTALLESESTEENWEG 333-335-337,"50.802563, 4.315701",67.8222755921,4.315701,50.802563,5254144.1547300005,10117468.6253,POINT (4.315701000000001 50.802563),-2114.9661185841846,-5048.921813050477,3259.5932020643377
87,238,50.820278,4.330801999999999,UNION SAINT-GILLOISE / SINT-GILLIS UNIE - CH DE BRUXELLES 366-362 / BRUSSELSESTEENWEG 366-362,"50.820278, 4.330802",95.77306695530001,4.330801999999999,50.820278,5251565.61671,10118763.7364,POINT (4.330802 50.82027800000001),-2016.661985230168,-5025.898240190134,3356.048616540177
88,79,50.84413,4.374871,LOI/WET - RUE D'ARLON/STRAAT 120,"50.84413, 4.374871",67.0772180219,4.374871,50.84413,5248028.2552,10122656.6416,POINT (4.374871 50.84413),-1766.2740986202962,-5032.883792767846,3484.2499245946474
89,236,50.812328,4.318885,MAISON COMMUNALE DE FOREST / VORST GEMEENTEHUIS - RUE SAINT DENIS 4 / SINT DENIJSSTRAAT 4,"50.812328, 4.318885",61.3296155598,4.318885,50.812328,5252736.62391,10117716.2224,POINT (4.318885 50.812328),-2086.575331599505,-5025.992485098822,3312.8905694711057
90,318,50.880539,4.3282300000000005,CARDINAL MERCIER / KARDINAAL MERCIER - PLACE CARDINAL MERCIER / KARDINAAL MERCIER PLEIN 6,"50.880539, 4.32823",73.878624965,4.3282300000000005,50.880539,5242944.62429,10118272.8626,POINT (4.32823 50.880539),-1950.148808100261,-4824.196483094916,3676.0969680844623
91,329,50.847617,4.436083999999999,FERMÉE-TRAVAUX DE VOIRIE - AV PAUL HYMANS FACE À L'ARRÊT METRO ROODEBEEK,"50.847617, 4.436084",67.9098923457,4.436083999999999,50.847617,5247353.75576,10128189.5152,POINT (4.436084 50.84761700000001),-1451.7571571164378,-5119.789058330788,3502.827736980159
92,308,50.872265000000006,4.352158,TIVOLI - RUE DE MOLENBEEK CROISEMENT RUE DE WAUTIER/ KRUISPUNT MOLENBEEKSTRAAT-DE WAUTIERSTRAAT,"50.872265, 4.352158",77.1766881104,4.352158,50.872265000000006,5244063.5997,10120475.2505,POINT (4.352158 50.872265),-1844.8266506441944,-4897.77099517287,3632.91823578735
93,328,50.849988,4.417064,HEYDENBERG - AV HEYDENBERG FACE 99-101,"50.849988, 4.417064",58.747159598,4.417064,50.849988,5247069.570180001,10126454.784,POINT (4.417064 50.849988),-1546.4455000697296,-5083.292305938036,3515.4354847878017
94,346,50.815909999999995,4.2737,RECHERCHE - ROUTE DE LENNIK N°788,"50.81591, 4.2737",84.4929743875,4.2737,50.815909999999995,5252342.999340001,10113600.4414,POINT (4.2737 50.81591),-2306.4125653691153,-4915.838101996067,3332.3622001924045
95,335,50.854231,4.444033999999999,THIRY - BD DE LA WOLUWE DVT 100,"50.854231, 4.444034",64.9384285121,4.444033999999999,50.854231,5246383.58166,10128879.348,POINT (4.444034 50.854231),-1404.835752666444,-5108.718054248428,3537.948183654794
96,110,50.826992,4.382379,RODIN - AVENUE DE LA COURONNE (DEVANT 145 D) / KROONLAAN (N° 145 D),"50.826992, 4.382379",83.7300167686,4.382379,50.826992,5250461.309880001,10123413.5112,POINT (4.382379 50.826992),-1747.533177748071,-5101.750126715886,3392.3317109658033
97,5,50.848893,4.349396,BOURSE / BEURS - RUE PAUL DEVAUX/PAUL DEVAUXSTRAAT,"50.848893, 4.349396",56.8320623285,4.349396,50.848893,5247416.973669999,10120326.5446,POINT (4.349396 50.848893),-1887.985761568976,-4970.6892126073835,3509.615294556001
98,234,50.809799,4.317546,ST DENIS / ST DENIJS - PLACE ST DENIS FACE 68 / ST DENIJSPLAATS VOOR 68,"50.809799, 4.317546",70.6516892842,4.317546,50.809799,5253102.5212,10117605.4262,POINT (4.317546 50.809799),-2096.5193895944667,-5030.911632439179,3299.1173964626664
99,197,50.848255,4.314854,DE SMET - PLACE HENRI DE SMET / HENRI DE SMETPLEIN,"50.848255, 4.314854",70.08880067359999,4.314854,50.848255,5247602.04457,10117198.3036,POINT (4.314854 50.848255),-2059.3894086129308,-4904.585807387267,3506.222229361435
100,22,50.855969,4.355657,JACQMAIN - BLD. D'ANVERS / ANTWERPSELAAN 4,"50.855969, 4.355657",54.5192404776,4.355657,50.855969,5246386.66313,10120863.1812,POINT (4.355657 50.855969),-1848.108672895071,-4959.017286445535,3547.1513762319732
101,151,50.853518,4.392491000000001,LOUVAIN / LEUVEN - CHAUSSEE DE LOUVAIN - LEUVENSESTEENWEG  488-494,"50.853518, 4.392491",82.2326195463,4.392491000000001,50.853518,5246634.49866,10124211.879,POINT (4.392491 50.853518),-1666.9649877554903,-5031.949350597305,3534.1695577066903
102,291,50.804660999999996,4.327886,DECROLY - RUE GATTI DE GAMMOND / GATTI DE GAMMOND STRAAT,"50.804661, 4.327886",94.93728557040001,4.327886,50.804660999999996,5253810.69438,10118565.9445,POINT (4.327886 50.804661),-2050.7198463912273,-5067.966757766159,3271.0704752105703
103,219,50.829491,4.2860059999999995,VAN HELLEMONT - RUE DE NEERPEDE 372-374 / NEERPEDESTRAAT 372-374 (FERMEE SUITE ACCIDENT),"50.829491, 4.286006",82.6864804786,4.2860059999999995,50.829491,5250365.55958,10114661.0009,POINT (4.286006 50.829491),-2226.821296736342,-4902.188363607873,3405.7975806129534
104,78,50.823699,4.351623,DUC PETIAUX - CHAUSSEE DE WATERLOO/ WATERLOOSESTEENWEG 376 - 370,"50.823699, 4.351623",77.4033087035,4.351623,50.823699,5251018.66854,10120637.996,POINT (4.351623 50.823699),-1907.5243260670554,-5056.023168405036,3374.555032298915
105,254,50.867393,4.320344,BASILIQUE / BASILIEK - AV JACQUES SERMON / JACUES SERMONLAAN,"50.867393, 4.320344",80.3006708206,4.320344,50.867393,5244847.45904,10117614.6654,POINT (4.320344 50.867393),-2006.4234080497715,-4852.910435308016,3607.3766665692824
106,336,50.848578,4.459038,KRAAINEM - AV DE WEZEMBEEK 7A,"50.848578, 4.459038",79.0408366332,4.459038,50.848578,5247148.5008,10130265.4494,POINT (4.459038 50.848578),-1333.021044074842,-5148.499913003819,3507.9402135517216
107,102,50.83579,4.375782,MUSEUM - CHAUSSEE DE WAVRE (FACE 229 - 233)  /  WAVERSESTEENWEG (TEGENOVER 229 - 233),"50.83579, 4.375782",60.8355051621,4.375782,50.83579,5249219.9153,10122776.1504,POINT (4.375782 50.83579),-1771.22470548274,-5061.7432698173325,3439.6452016373014
108,279,50.890181,4.336962000000001,HOUBA BRUGMANN - AVENUE HOUBA DE STROOPER / HOUBA DE STROOPERLAAN,"50.890181, 4.336962",79.4089913448,4.336962000000001,50.890181,5241541.13394,10119022.024,POINT (4.336962 50.890181),-1894.8650412250495,-4807.84030294295,3726.097032679185
109,117,50.816029,4.391006,CIMETIERE D'IXELLES / BEGRAAFPLAATS VAN ELSENE - AVENUE DE LA COURONNE/KROONLAAN 449,"50.816029, 4.391006",61.7030344539,4.391006,50.816029,5252007.1007199995,10124245.141,POINT (4.391006 50.816029),-1715.100877443814,-5151.613857246717,3333.0083477265803
110,188,50.857234999999996,4.3243540000000005,OSSEGHEM -  AVENUE MAHATMA GANDHI/ MAHATMA GANDHILAAN 10,"50.857235, 4.324354",55.635152385699996,4.3243540000000005,50.857234999999996,5246290.82115,10118021.169,POINT (4.324354 50.857235),-2000.7093054675056,-4894.585216213591,3553.8484543152763
111,362,50.872501,4.290218,GARE BERCHEM ST AGATHE/ST AGATA BERCHEM STATION - RUE BOIS DES ÎLES/EILANDENHOUTSTRAAT 1-15,"50.872501, 4.290218",70.93111600659999,4.290218,50.872501,5244196.30605,10114864.5299,POINT (4.290218 50.872501),-2144.111515962191,-4773.40095731019,3634.153286237177
112,200,50.843967,4.313537,VETERANS COLONIAUX / KOLONIALE VETERANEN - BD JULES GRAINDOR / JULES GRAINDORLAAN,"50.843967, 4.313537",79.8724751456,4.313537,50.843967,5248219.5564,10117097.0471,POINT (4.313537 50.843967),-2071.666829143215,-4915.678801687358,3483.3804655347712
113,199,50.843693,4.304986,FERMÉE - DÉPLACEMENT STATIONHENRI REY - BD FELIX PAULSEN / FELIX PAULSENLAAN 3-5-7-9,"50.843693, 4.304986",85.507360565,4.304986,50.843693,5248281.59985,10116322.97,POINT (4.304986 50.843693),-2114.0026443318893,-4898.660623122851,3481.918712322764
114,83,50.862840000000006,4.331259999999999,SIMONIS / BD LEOPOLD II (DEVANT 282)/ LEOPOLD II-LAAN (N° 282),"50.86284, 4.33126",73.96164514670001,4.331259999999999,50.862840000000006,5245469.75669,10118622.9575,POINT (4.33126 50.86284),-1959.4196391810258,-4889.718269244353,3583.43005024651
115,344,50.830179,4.337958,BETHLEEM - PLACE BETHLEEM,"50.830179, 4.337958",54.8618918342,4.337958,50.830179,5250128.0647599995,10119370.376,POINT (4.337958 50.830179),-1968.395452890001,-5009.028080739071,3409.501140549659
116,255,50.868010999999996,4.313968,"SACRE-COEUR DE GANSHOREN / HEILIGE HART VAN GANSHOREN - AV CHARLESQUINT,9 / KEISERKARELLAAN,9","50.868011, 4.313968",68.9461574578,4.313968,50.868010999999996,5244776.08574,10117034.4947,POINT (4.313968000000001 50.868011),-2036.459272734752,-4837.96325526224,3610.6212998907868
117,358,50.82708,4.444795,MADOUX - AVENUE DE TERVUREN FACE 403,"50.82708, 4.444795",81.5101077422,4.444795,50.82708,5250268.81726,10129074.5331,POINT (4.444795 50.82708000000001),-1425.827239916772,-5200.531065824759,3392.8062596179752
118,301,50.806271,4.387673,MARIE-JOSE - PLACE MARIE-JOSE FACE 6 / MARIE-JOSE PLAATS VOOR 6,"50.806271, 4.387673",77.6481734864,4.387673,50.806271,5253414.348999999,10123986.307,POINT (4.387673000000001 50.806271),-1742.5552961517308,-5176.44720634515,3279.868344884446
119,148,50.855629,4.394807,GARE MEISER / MEISER STATION - AVENUE ROGIER/ ROGIERLAAN 377 - 379,"50.855629, 4.394807",72.781853626,4.394807,50.855629,5246325.7173,10124412.2866,POINT (4.394807 50.85562900000001),-1652.9731119224507,-5028.697777310221,3545.3518239713044
120,80,50.814852,4.376794,"CERES - AV. F. ROOSEVELT/F. ROOSEVELTLAAN, 14","50.814852, 4.376794",72.0930478377,4.376794,50.814852,5252215.81691,10122960.7237,POINT (4.376794 50.814852),-1789.4306535192786,-5130.419964181468,3326.6153861505836
121,31,50.850303000000004,4.3607059999999995,MUSEE DE LA BD/STRIPMUSEUM - BOULEVARD PACHECO/PACHECOLAAN,"50.850303, 4.360706",52.7749660718,4.3607059999999995,50.850303000000004,5247183.88418,10121345.5056,POINT (4.360706 50.850303),-1829.9412237896795,-4987.073326057265,3517.109005703869
122,19,50.827954999999996,4.347791,PLACE MORICHAR / MORICHARPLEIN - RUE DES ETUDIANTS/ STUDENTENSTRAAT 32 - 34,"50.827955, 4.347791",64.462857676,4.347791,50.827954999999996,5250419.658969999,10120271.886,POINT (4.347791 50.827955),-1921.7463685495827,-5035.212702554823,3397.5233531201875
123,107,50.827652,4.359031,DEFACQZ - RUE DEFACQZ/ DEFACQZSTRAAT 25-27-29,"50.827652, 4.359031",63.4219650863,4.359031,50.827652,5250432.03807,10121292.7587,POINT (4.359031 50.827652),-1865.3865320056443,-5057.460225826988,3395.890185266594
124,86,50.876195,4.324477,MAISON COMMUNALE DE JETTE / JETTE GEMEENTEHUIS - CHAUSSEE DE WEMMEL/WEMMELSESTEENWEG 102,"50.876195, 4.324477",85.2104830656,4.324477,50.876195,5243576.46681,10117951.5606,POINT (4.324477 50.876195),-1974.2620140907795,-4831.580608492919,3653.4585427172165
125,269,50.860859000000005,4.421375,CICERON - CHAUSSE DE LOUVAIN / LEUVENSESTEENWEG1166,"50.860859, 4.421375",78.4134348602,4.421375,50.860859000000005,5245500.88585,10126795.7902,POINT (4.421375 50.860859),-1513.4620962310908,-5053.002305760134,3572.987710761761
126,28,50.842005,4.3305,CLEMENCEAU - CHEE DE MONS/ BERGENSE STEENWEG 159-161-163,"50.842005, 4.3305",74.4471212377,4.3305,50.842005,5248454.810380001,10118643.2827,POINT (4.3305 50.842005),-1990.531294088754,-4956.444117829884,3472.9076973168885
127,99,50.864992,4.338431,JUBILE - BOULEVARD DU JUBILE/ JUBELFEESTLAAN 79,"50.864992, 4.338431",85.4892212167,4.338431,50.864992,5245142.21853,10119263.3619,POINT (4.338431 50.864992),-1921.4838896004633,-4896.453488486841,3594.757835667227
128,213,50.821018,4.293865,LA ROUE / HET RAD - CH DE MONS 1100-1106 / BERGENSESTEENWEG 1100-1106,"50.821018, 4.293865",63.5558973763,4.293865,50.821018,5251558.48992,10115409.1663,POINT (4.293865 50.821018),-2199.8759087901226,-4945.727120061256,3360.055094758927
129,266,50.877552,4.409136,GARE BORDET / BORDET STATION - CHAUSSEE D'HAECHT FACE 1147 / HAACHTSESTEENWEG VOOR 1147,"50.877552, 4.409136",53.556469353900006,4.409136,50.877552,5243146.90602,10125611.3547,POINT (4.409136 50.87755200000001),-1557.1610256547697,-4976.479985573779,3660.53786940736
130,288,50.802710999999995,4.358842,HOUZEAU - AVENUE HOUZEAU 10 / HOUZEAULAAN 10,"50.802711, 4.358842",79.4480830286,4.358842,50.802710999999995,5254005.17774,10121384.7539,POINT (4.358842 50.802711),-1895.0832679700584,-5134.984966634241,3260.4033185942294
131,147,50.861874,4.372146,EMILE MAX LYCEE/LYCEUM EMILE MAX - CHAUSSEE D'HAECHT/ HAACHTSESTEENWEG 226 - 230,"50.861874, 4.372146",84.8564642506,4.372146,50.861874,5245495.55176,10122331.288999999,POINT (4.372146 50.861874),-1759.0711643120399,-4968.9832014054755,3578.3397802662735
132,345,50.802675,4.412073,3 TILLEULS - AV DES ORTOLANS 2,"50.802675, 4.412073",69.1875356347,4.412073,50.802675,5253859.786169999,10126217.5174,POINT (4.412073 50.802675),-1619.222410040491,-5228.6532554010355,3260.206269794415
133,119,50.825590000000005,4.379555,PAQUOT -  RUE JEAN PAQUOT (44 A 48) /JEAN PAQUOTSTRAAT (44 T.E.M 48),"50.82559, 4.379555",61.452211193000004,4.379555,50.825590000000005,5250670.05253,10123163.5791,POINT (4.379555 50.82559),-1763.485710165723,-5101.284783920474,3384.76774733256
134,317,50.819546,4.421198,GEYSKENS - AVENUE ISIDORE GEYSKENSLAAN FACE/TEGENOVER 108,"50.819546, 4.421198",67.074923526,4.421198,50.819546,5251416.761580001,10126968.6914,POINT (4.421198 50.819546),-1555.4303387050734,-5189.77963966897,3352.083643513871
135,89,50.871192745100004,4.32992476564,ATHENEE DE JETTE/ATHENEUM VAN JETTE - AVENUE DE LEVIS MIREPOIX / DE LEVIS MIREPOIXLAAN 100,"50.8711927451, 4.32992476564",83.2225262497,4.32992476564,50.871192745100004,5244277.73312,10118466.2677,POINT (4.32992476564 50.8711927451),-1954.707700186517,-4859.158605941917,3627.304295083629
136,225,50.821117,4.342008,PLACE ALBERT/PLEIN - PLACE ALBERT / ALBERTPLEIN,"50.821117, 4.342008",63.590768697200005,4.342008,50.821117,5251414.89801,10119776.8672,POINT (4.342008 50.821117),-1959.1964296002213,-5045.5543570005975,3360.5909570779413
137,247,50.79586,4.3205800000000005,STALLE - RUE DE STALLE PROLONGEE/VERLENGDE STALLESTRAAT,"50.79586, 4.32058",91.9293145192,4.3205800000000005,50.79586,5255091.42973,10117940.1174,POINT (4.32058 50.79586),-2098.6036324468246,-5079.2601196947335,3222.828017496378
138,131,50.81329,4.434751,JARDIN MASSART - AV HERMANN DEBROUXLAAN,"50.81329, 4.434751",68.8844873755,4.434751,50.81329,5252273.3323800005,10128227.2229,POINT (4.434751 50.81329),-1490.6711943196356,-5230.448593322767,3318.1241542524535
139,58,50.859181,4.35942,GARE DU NORD/NOORDSTATION - PLACE DU NORD / NOORDPLAATS,"50.859181, 4.35942",78.33771847850001,4.35942,50.859181,5245916.43835,10121190.1268,POINT (4.35942 50.859181),-1825.4868718983314,-4955.219944601462,3564.1315886412954
140,355,50.837714,4.369117,PARNASSE - RUE DU TRONE N°66 (CLOS PARNASSE),"50.837714, 4.369117",75.2367904404,4.369117,50.837714,5248963.04457,10122163.2893,POINT (4.369117 50.837714),-1802.6909157145612,-5043.5845950142875,3449.9566512254555
141,66,50.843359,4.379946,SCHUMAN - RUE DE LA LOI 170,"50.843359, 4.379946",74.4357256836,4.379946,50.843359,5248124.40847,10123120.1286,POINT (4.379946 50.843359),-1741.5857610156813,-5044.320557168856,3480.1365136372324
142,264,50.870983,4.397506,NOTRE DAME / ONZE LIEVE VROUW - AV NOTRE DAME 53 A 61 / ONZE LIEVE VROUWLAAN 53 TOT 61,"50.870983, 4.397506",67.6734947167,4.397506,50.870983,5244120.25159,10124587.8502,POINT (4.397506 50.870983),-1622.3431731121766,-4980.790716263742,3626.2056573555274
143,182,50.83168,4.404769,BOILEAU - BOULEVARD SAINT MICHEL / SINT-MICHIELSLAAN,"50.83168, 4.404769",77.0316701149,4.404769,50.83168,5249726.33251,10125423.2338,POINT (4.404769 50.83168),-1628.0432347240633,-5124.38226923058,3417.5755419104426
144,93,50.85062,4.381151999999999,CLOVIS - CHAUSSEE DE LOUVAIN - LEUVENSESTEENWEG 260-264,"50.85062, 4.381152",74.8199191123,4.381151999999999,50.85062,5247081.41412,10123197.1929,POINT (4.381152 50.85062),-1727.2374722420918,-5022.388768934937,3518.7927998333394
145,116,50.818253000000006,4.3957489999999995,ULB PLAINE - BOULEVARD DE LA PLAINE  (ENTREE ULB) / PLEINLAAN (INGANG VUB),"50.818253, 4.395749",73.0198705199,4.3957489999999995,50.818253000000006,5251675.06711,10124665.5343,POINT (4.395749 50.818253),-1688.3352897095044,-5152.6337427688895,3345.075554064659
146,9,50.844045,4.345048,ANNEESSENS - BLD MAURICE LEMONNIER/MAURICE LEMONNIERLAAN 42-44-46,"50.844045, 4.345048",75.3200530245,4.345048,50.844045,5248123.05173,10119953.4216,POINT (4.345048 50.844045),-1915.6684845837117,-4978.254407343698,3483.7965372472286
147,138,50.865218,4.3777349999999995,HOUFFALIZE - PLACE DE HOUFFALIZE /HOUFFALIZEPLEIN 58,"50.865218, 4.377735",67.5403061262,4.3777349999999995,50.865218,5245001.23797,10122822.8145,POINT (4.377735 50.865218),-1727.3323844588153,-4967.407031092491,3595.9464986360276
148,218,50.845928,4.323812,DELACROIX - RUE LEON DELACROIX 1 a 7 / LEON DELACROIXSTRAAT 1 tot 7,"50.845928, 4.323812",83.6651037068,4.323812,50.845928,5247911.160540001,10118020.2102,POINT (4.323812 50.845928),-2018.457836784041,-4930.374171172675,3493.834497133263
149,244,50.81218,4.368321,BOIS DE LA CAMBRE - AV WINSTON CHURCHIL 254 / WINSTON CHURCHILLAAN 254,"50.81218, 4.368321",81.7813531621,4.368321,50.81218,5252622.2931,10122203.5944,POINT (4.368321 50.81218),-1835.8277392800912,-5123.423621083209,3312.0851303395534
150,159,50.869296999999996,4.36257,MASUI - AVENUE DE LA REINE / KONINGINNELAAN 153,"50.869297, 4.36257",76.7812260557,4.36257,50.869296999999996,5244459.66197,10121431.2087,POINT (4.36257 50.869297),-1797.4195393108091,-4926.821288605536,3617.3686555073423
151,186,50.861783,4.302607,GENOT - CHAUSSEE DE GAND DEVANT 1033,"50.861783, 4.302607",67.51764459479999,4.302607,50.861783,5245697.87658,10116031.4813,POINT (4.302607 50.861783),-2100.2091621087015,-4835.047016567388,3577.860089910933
152,27,50.838733000000005,4.32176,SQUARE ALBERT I / ALBERT I-SQUARE 25 - 26 - 27,"50.838733, 4.32176",71.3841189542,4.32176,50.838733000000005,5248946.96769,10117864.7954,POINT (4.32176 50.838733),-2038.089969528275,-4949.338684828132,3455.412690109819
153,150,50.854654,4.3984510000000006,MEISER - PLACE GENERAL MEISER (FACE 1 - 3) / GENERAAL MEISERPLEIN (TEGENOVER 1 - 3),"50.854654, 4.398451",79.9387593446,4.3984510000000006,50.854654,5246454.93402,10124746.8709,POINT (4.398451 50.854654),-1635.7042830665096,-5037.973187589156,3540.189071150104
154,181,50.835723,4.394394999999999,LOUIS TITZ - AVENUE DE LA CHASSE/ JACHTLAAN 182 - 184,"50.835723, 4.394395",88.2140044831,4.394394999999999,50.835723,5249176.9679,10124464.2606,POINT (4.394395 50.835723),-1676.78116295538,-5094.051283081877,3439.285893450831
155,273,50.854824,4.306209,TAMARIS - BD METTEWIE LAAN VOOR/FACE 71,"50.854824, 4.306209",58.641771159399994,4.306209,50.854824,5246684.5897699995,10116387.0694,POINT (4.306209 50.854824),-2092.5666291023367,-4865.33566737532,3541.089485812641
156,126,50.837288,4.43462,FABRY - BOULEVARD DE LA WOLUWE / WOLUWELAAN 28,"50.837288, 4.43462",86.85620474219999,4.43462,50.837288,5248836.91771,10128104.5035,POINT (4.43462 50.837288),-1469.0940935221179,-5152.178473501427,3447.6746542513165
157,198,50.847649,4.307714,SCHEUT - CHEE DE NINOVE (FACE 441) / NINOOFSESTEENWEG (TEGENOVER 441),"50.847649, 4.307714",62.1486378799,4.307714,50.847649,5247707.88454,10116553.6456,POINT (4.307714 50.847649),-2095.191540661272,-4891.70913141696,3502.998027626246
158,61,50.843835999999996,4.3780019999999995,MAELBEEK/MAALBEEK - CHAUSSEE D'ETTERBEEK/ETTERBEEKSESTEENWEG 15,"50.843836, 4.378002",93.2356838171,4.3780019999999995,50.843835999999996,5248061.57135,10122941.7797,POINT (4.378002 50.843836),-1750.8436200146195,-5039.356732474479,3482.681630743505
159,8,50.845683,4.368582,ARTS-LOI/KUNST-WET -  AVENUE DES ARTS/KUNSTLAAN 24,"50.845683, 4.368582",73.0199010585,4.368582,50.845683,5247823.46792,10122079.6834,POINT (4.368582 50.845683),-1796.064680096273,-5016.575809157076,3492.529143169847
160,153,50.854128,4.3780019999999995,SQUARE ARMAND STEURS/ARMAND STEURSSQUARE - AVENUE PAUL DESCHANEL (FACE N° 267 - 269) / PAUL DESCHANELLAAN (TEGENOVER 267 - 269),"50.854128, 4.378002",77.06697458939999,4.3780019999999995,50.854128,5246588.03819,10122896.1518,POINT (4.378002 50.854128),-1738.9875298899337,-5005.23200145472,3537.402434343722
161,262,50.87693,4.400722,PLACE DE LA PAIX / VREDEPLAIN - PLACE DE LA PAIX FACE 24 / VREDEPLEIN VOOR 24,"50.87693, 4.400722",99.98156291020001,4.400722,50.87693,5243259.96404,10124852.3257,POINT (4.400722 50.87693),-1599.675392985922,-4965.3682363411635,3657.293796594632
162,154,50.851240999999995,4.396386,PLASKY - SQUARE EUGENE PLASKY (FACE 100) / EUGENE PLASKYSQUARE (TEGENOVER 100),"50.851241, 4.396386",67.7696183045,4.396386,50.851240999999995,5246949.42216,10124575.077,POINT (4.396386 50.851241),-1649.849537375966,-5046.039768073463,3522.090311596428
163,295,50.793682000000004,4.418497,COIN DU BALAI - AV DE LA FORESTERIE,"50.793682, 4.418497",60.7025272429,4.418497,50.793682000000004,5255129.63831,10126841.8045,POINT (4.418497 50.793682),-1594.029254677777,-5266.796900547009,3210.8506884655726
164,306,50.889603,4.3739669999999995,HEMBEEK - ANGLE AV DES CROIX DE FEU / VUURKRUISENLAAN 7-9,"50.889603, 4.373967",65.5982412424,4.3739669999999995,50.889603,5241521.88848,10122373.7838,POINT (4.373967 50.889603),-1716.409009742535,-4876.68301324933,3723.1094396431713
165,359,50.867708,4.357532,JCDecaux - ALLÉE VERTE 50 À 1000 BRUXELLES,"50.867708, 4.357532",43.5423933819,4.357532,50.867708,5244701.04761,10120981.8353,POINT (4.357532 50.867708),-1824.2128263035502,-4923.087068390051,3609.0306567553944
166,299,50.80941,4.386541,SAINT-ADRIEN - AV DU PESAGE N°21,"50.80941, 4.386541",77.7476749914,4.386541,50.80941,5252967.88105,10123869.5325,POINT (4.386541 50.80941),-1745.1095903088983,-5164.692087496156,3296.9969910763493
167,38,50.837912,4.347421,JEU DE BALLE/VOSSENPLEIN - RUE BLAES/BLAESSTRAAT 135-141,"50.837912, 4.347421",75.1291291517,4.347421,50.837912,5248994.74506,10120195.1408,POINT (4.347421 50.837912),-1911.4398350515728,-5002.651280943762,3451.017084607052
168,11,50.8405,4.356878,FERMÉE - TRAVAUX STIB - SABLON/ZAVEL - RUE DE LA REGENCE/REGENTSCHAPSSTRAAT 20,"50.8405, 4.356878",68.8737698393,4.356878,50.8405,5248598.09762,10121041.3546,POINT (4.356878 50.8405),-1860.9300650906762,-5012.1142391967105,3464.8652421246043
169,176,50.852356,4.408634999999999,COLONEL BOURG/KOLONEL BOURG - RUE COLONEL BOURG/ KOLONEL BOURGSTRAAT 104,"50.852356, 4.408635",75.33710186260001,4.408634999999999,50.852356,5246754.810930001,10125680.125,POINT (4.408635 50.852356),-1586.7427643277204,-5062.119229190393,3528.0075551668656
170,1,50.836304,4.41505,LEOPOLD II - AVENUE DE TERVUREN FACE / TERVURENLAAN VOOR 218,"50.836304, 4.41505",75.6830011052,4.41505,50.836304,5249034.64088,10126334.5592,POINT (4.41505 50.836304),-1570.6276468440635,-5125.684731682295,3442.401171619611
171,92,50.875826,4.329921,LENOIR - BLD DE SMET DE NAEYER/DE SMET DE NAEYERLAAN 187 - 189,"50.875826, 4.329921",58.4221086701,4.329921,50.875826,5243614.58365,10118446.1155,POINT (4.329921 50.875826),-1948.432766775127,-4843.507230396806,3651.532344434441
172,15,50.837036,4.406826000000001,MONTGOMERY - AVENUE DE TERVUREN / TERVURENLAAN 136-138,"50.837036, 4.406826",62.875582585100005,4.406826000000001,50.837036,5248953.47078,10125585.5329,POINT (4.406826 50.837036),-1611.9692140758211,-5110.190218163841,3446.3244459937864
173,180,50.837726,4.381565,JOURDAN - RUE FROISSART (FACE 3 - 5) / FROISSARTSTRAAT (TEGENOVER 3 - 5),"50.837726, 4.381565",57.1141433037,4.381565,50.837726,5248926.43785,10123291.9427,POINT (4.381565 50.837726),-1739.7568843329423,-5065.594003568978,3450.0209237658464
174,105,50.829631,4.3692,DE HENNIN -  CHAUSSEE D'IXELLES/ELSENSE STEENWEG 254 - 260,"50.829631, 4.3692",66.4031129784,4.3692,50.829631,5250120.3341,10122206.4365,POINT (4.3692 50.829631),-1811.5967251890559,-5069.829016331927,3406.551342698822
175,18,50.84771,4.377552,GUTENBERG - SQUARE GUTENBERG (FACE N° 5)/GUTENBERGSSQUARE (TEGENOVER N° 5),"50.84771, 4.377552",73.6499238726,4.377552,50.84771,5247508.15849,10122883.8148,POINT (4.377552000000001 50.84771),-1748.6643626991724,-5025.787944898763,3503.322634233988
176,357,50.834634,4.456746,AVIATION - INTERSECTION AVENUE DE L'AVIATION ET AVENUE ORBAN,"50.834634, 4.456746",69.7429770467,4.456746,50.834634,5249151.75395,10130123.0832,POINT (4.456746 50.834634),-1357.0557002992975,-5192.254390798971,3433.4436310377937
177,257,50.872169,4.298216,PLACE MARGHERITE D'AUTRICHE / MARGARETHA VAN OOSTENRIJKPLEIN,"50.872169, 4.298216",82.8829616046,4.298216,50.872169,5244222.768619999,10115590.2853,POINT (4.298216 50.872169),-2106.3511201937667,-4791.500968076298,3632.4157844859074
178,111,50.827831,4.431822,ETANGS MELLAERTS VIJVERS - BOULEVARD DU SOUVERAIN FACE / VORSTLAAN VOOR 275,"50.827831, 4.431822",62.6730520085,4.431822,50.827831,5250199.31091,10127894.391,POINT (4.431822 50.827831),-1492.4658934551965,-5179.146884431431,3396.8550316958153
179,20,50.843613,4.360628,PALAIS ROYAL/KONINGSSTRAAT PALEIS - RUE ROYALE (DEVANT N°14)/KONINKLIJKESTRAAT (N°14),"50.843613, 4.360628",73.3533865479,4.360628,50.843613,5248141.96852,10121367.7232,POINT (4.360628000000001 50.843613),-1838.396300686587,-5008.907503098898,3481.491873754904
180,251,50.800377000000005,4.326985,PAOLA - RUE VICTOR ALLARD FACE 222 / VICTOR ALLARD STRAAT VOOR 222,"50.800377, 4.326985",75.6398021621,4.326985,50.800377000000005,5254426.9142,10118502.4616,POINT (4.326985 50.800377),-2060.5344316825103,-5079.055820100644,3247.619256032425
181,183,50.829928,4.390357,LA CHASSE/JACHT - AVENUE DES CASERNES/ KAZERNENLAAN 4 - 6,"50.829928, 4.390357",54.627103762299996,4.390357,50.829928,5250018.28868,10124124.0333,POINT (4.390357 50.829928),-1703.6166301503652,-5106.0595147992835,3408.150174039111
182,145,50.859096,4.379117,COTEAUX/WIJNHEUVELEN - AVENUE ROGIER / ROGIERLAAN 128,"50.859096, 4.379117",76.1260145942,4.379117,50.859096,5245873.70278,10122975.1559,POINT (4.379117 50.85909600000001),-1727.6352086701454,-4990.499286671642,3563.682709710995
183,179,50.839217,4.398015,CELTES/KELTEN - AVENUE DE TERVUEREN (FACE AU 17) / TERVURENLAAN (TEGENOVER 17),"50.839217, 4.398015",63.9798558446,4.398015,50.839217,5248666.35157,10124776.7962,POINT (4.398015 50.839217),-1654.603766779866,-5088.628812593825,3458.002918245997
184,294,50.798344,4.419014,WIENER - PLACE WIENER 2 / WIENERPLAATS 2,"50.798344, 4.419014",60.8177868858,4.419014,50.798344,5254460.20393,10126867.4398,POINT (4.419014 50.798344),-1586.9600296909655,-5253.233706804417,3236.4694476940726
185,265,50.867241,4.40287,EVERE SHOPPING - AV DES LOISIRS / VRIJETIJDSLAAN,"50.867241, 4.40287",57.863476116499996,4.40287,50.867241,5244640.56076,10125090.5181,POINT (4.40287 50.86724100000001),-1599.725023549253,-5002.310759086546,3606.5784226268147
186,124,50.818283,4.363568,CHARLES GRAUX - CHAUSSEE DE WATERLOO (DEVANT N° 585 - 587)/ WATERLOOSESTEENWEG (N° 585 - 587),"50.818283, 4.363568",87.8359656847,4.363568,50.818283,5251761.33471,10121745.429,POINT (4.363568 50.81828300000001),-1853.2151182509308,-5095.548644573029,3345.238218165659
187,40,50.833931,4.343155,PORTE DE HAL/HALLEPOORT - BOULEVARD DU MIDI/ZUIDLAAN 142,"50.833931, 4.343155",84.70942246770001,4.343155,50.833931,5249576.53339,10119825.5277,POINT (4.343155 50.833931),-1937.7065991766583,-5007.224551853596,3429.670016608272
188,356,50.829715,4.455151,CENTRE SPORTIF - AVENUE JULES DU JARDIN FACE AU N°45 (ROND POINT DU TIBET),"50.829715, 4.455151",67.37301938510001,4.455151,50.829715,5249860.86365,10130001.4924,POINT (4.455151 50.829715),-1369.6158456483804,-5206.353822364441,3407.0035679024536
189,211,50.816528000000005,4.290832,METRO CERIA - CH DE MONS (FACE AU 1292 a 1284) / BERGENSESTEENWEG (TEGENOVER 1292 TOT 1284),"50.816528, 4.290832",98.6161597459,4.290832,50.816528000000005,5252209.653030001,10115152.6319,POINT (4.290832 50.816528),-2221.016989872116,-4952.74818276015,3335.7173094951313
190,122,50.822207,4.389325,GARE D'ETTERBEEK/STATION VAN ETTERBEEK - BOULEVARD GENERAL JACQUES/GENERAAL JACQUESLAAN,"50.822207, 4.389325",76.2721221332,4.389325,50.822207,5251126.98924,10124064.9664,POINT (4.389325 50.822207),-1717.188258211856,-5129.0992851434,3366.4886764997123
191,239,50.818771399999996,4.350961,DARWIN - AV. BRUGMANN / BRUGMANNLAAN 139-147,"50.8187714, 4.350961",79.4434469327,4.350961,50.818771399999996,5251726.28129,10120599.3728,POINT (4.350961 50.8187714),-1916.7277663376965,-5070.251988557157,3347.8859661407664
192,135,50.872744,4.376647,PARC LACROIX / LACROIX PARK - AV PRINCESSE ELISABETH/PRINSES ELISABETHLAAN,"50.872744, 4.376647",80.5927926709,4.376647,50.872744,5243927.06793,10122690.9439,POINT (4.376647 50.872744),-1723.770440309172,-4939.832314742326,3635.4247580363703
193,67,50.83975,4.385426,PARC CINQUANTENAIRE/JUBELPARK - AVENUE D'AUDERGHEM/OUDERGEMSESTEENWEG 45,"50.83975, 4.385426",71.9249263424,4.385426,50.83975,5248625.73172,10123633.0071,POINT (4.385426000000001 50.83975),-1717.9395168044055,-5065.650140025976,3460.8544429745457
194,24,50.855268,4.3587169999999995,ROGIER - BOULEVARD DU JARDIN BOTANIQUE/KRUIDTUINLAAN,"50.855268, 4.358717",67.2482267802,4.3587169999999995,50.855268,5246478.56416,10121143.5319,POINT (4.358717 50.855268),-1833.7862056463555,-4966.98070659313,3543.440674304108
195,121,50.823986,4.3737900000000005,ETANGS / VIJVERS - RUE GUILLAUME STOCQ (FACE AU N° 1-3-5)/ GUILLAUME STOCQSTRAAT (TEGENOVER N° 1-3-5),"50.823986, 4.37379",55.4870826708,4.3737900000000005,50.823986,5250915.962830001,10122647.715,POINT (4.37379 50.823986),-1794.666226629194,-5096.147927397107,3376.105809521185
196,330,50.847546,4.4500150000000005,VANDERVELDE - AVENUE EMILE VANDERVELDE 90,"50.847546, 4.450015",73.0925962447,4.4500150000000005,50.847546,5247322.97549,10129452.493999999,POINT (4.450015 50.847546),-1380.3593147796416,-5139.756211876413,3502.449891801295
197,353,50.815681,4.408119999999999,BEAULIEU - RUE JULES COCKX / JULES COCKXSTRAAT,"50.815681, 4.40812",69.5661934046,4.408119999999999,50.815681,5252008.08406,10125799.6662,POINT (4.40812 50.815681),-1627.0366993725543,-5181.316548986168,3331.118640651656
198,6,50.845333000000004,4.356475,GARE CENTRALE/CENTRAAL STATION - BLD DE L'IMPERATRICE/KEIZERINLAAN,"50.845333, 4.356475",89.7953549309,4.356475,50.845333000000004,5247907.18539,10120983.7206,POINT (4.356475 50.845333),-1857.0930711672295,-4995.609196767883,3490.663988153374
199,161,50.872592,4.379886,DEMOLDER - AVENUE EUGENE DEMOLDER / EUGENE DEMOLDERLAAN 68,"50.872592, 4.379886",72.6879923273,4.379886,50.872592,5243939.74139,10122984.945,POINT (4.379886 50.872592),-1707.9416586473365,-4945.911946709724,3634.6294592504205
200,109,50.824048,4.359896,CHATELAIN/KASTELEIN - RUE DE L'AQUEDUC /AQUADUCTSTRAAT 115-117-119,"50.824048, 4.359896",73.6288779035,4.359896,50.824048,5250945.80992,10121386.9989,POINT (4.359896 50.824048),-1865.2243381267967,-5070.525298219128,3376.4407841067296
201,271,50.851158,4.309591,DUBOIS - BD EMILE MACHTENS/LAAN 102-104,"50.851158, 4.309591",81.6700883909,4.309591,50.851158,5247200.45867,10116709.0062,POINT (4.309591 50.851158),-2081.174887319636,-4884.294806911068,3521.6496599706893
202,172,50.869764,4.388191,AEROPOLIS - CHAUSSEE D'HAECHT (FACE 586) / HAACHTSESTEENWEG (TEGENOVER 586),"50.869764, 4.388191",76.03960916279999,4.388191,50.869764,5244321.12141,10123749.6755,POINT (4.388191 50.869764),-1670.0750381512898,-4969.649103287549,3619.8174204146294
203,263,50.872002,4.4032860000000005,MAISON COMMUNALE D'EVERE/ EVERE GEMEENTEHUIS - SQUARE HOEDEMAEKERS / HOEDEMAEKERSESQUARE 7-8,"50.872002, 4.403286",64.7720549741,4.4032860000000005,50.872002,5243957.94041,10125106.7162,POINT (4.403286 50.872002),-1592.4023698519832,-4986.562036659499,3631.5416488092305
204,274,50.86002,4.3075019999999995,CORAY - CHEE DE GAND DEVANT 579-587 GENTSESTEENWEG VOOR 579-587,"50.86002, 4.307502",74.58484241859999,4.3075019999999995,50.86002,5245937.26162,10116482.394,POINT (4.307502 50.86002),-2078.9980350007477,-4851.059805116409,3568.560905693916
205,278,50.894005,4.3319019999999995,STADE / STADIUM - AVENUE HOUBA DE STROOPER / HOUBA DE STROOPERLAAN,"50.894005, 4.331902",75.9494451633,4.3319019999999995,50.894005,5241007.67028,10118547.6833,POINT (4.331902 50.894005),-1913.8627939069054,-4784.926137215783,3745.8312919148016
206,68,50.840282,4.3801309999999996,JEAN REY - PLACE JEAN REY/JEAN REYPLAATS,"50.840282, 4.380131",73.06063161659999,4.3801309999999996,50.840282,5248564.47364,10123150.565,POINT (4.380131 50.840282),-1744.137127911861,-5054.741487102005,3463.699637325556
207,125,50.817392,4.354105000000001,GEORGES BRUGMANN - PLACE GEORGES BRUGMANN/GEORGES BRUGMANNPLEIN N° 10 - 11,"50.817392, 4.354105",67.8991732946,4.354105000000001,50.817392,5251915.189259999,10120890.6634,POINT (4.354105 50.817392),-1902.3950476659902,-5080.5731069200165,3340.4058118523562
208,339,50.845365,4.41788,MEUDON - SQUARE MEUDON,"50.845365, 4.41788",63.37256966020001,4.41788,50.845365,5247729.08792,10126549.8271,POINT (4.41788 50.845365),-1546.9979482921308,-5100.050254810055,3490.8345343759606
209,90,50.867447999999996,4.326807,BROUSTIN - AV DE JETTE/ JETSELAAN 73 - 81,"50.867448, 4.326807",81.20876843479999,4.326807,50.867447999999996,5244822.1788800005,10118199.8675,POINT (4.326807 50.867448),-1974.9427388088739,-4865.592659870785,3607.6654843038923
210,249,50.794185999999996,4.366336,SAINT-JOB/SINT JOB - PLACE SAINT JOB/SINT-JOB PLEIN,"50.794186, 4.366336",70.9531500802,4.366336,50.794185999999996,5255205.75242,10122102.6427,POINT (4.366336 50.794186),-1865.9089538922838,-5175.002198860435,3213.6236583604914
211,332,50.845228999999996,4.404311,VERGOTE - BD BRAND WHITLOK,"50.845229, 4.404311",65.8157864961,4.404311,50.845228999999996,5247787.56307,10125320.4665,POINT (4.404311 50.84522900000001),-1616.1999373853237,-5079.042540323461,3490.109688244809
212,163,50.859111999999996,4.39157,CHAZAL - AVENUE ERNEST CAMBIER (FACE 7)/ ERNEST CAMBIERLAAN (TEGENOVER 7),"50.859112, 4.39157",50.5839205185,4.39157,50.859111999999996,5245836.29355,10124103.3777,POINT (4.39157 50.859112),-1665.3381898240086,-5011.571910202876,3563.7672065356896
213,127,50.832194,4.377694,DÉMONTÉE POUR TRAVAUX - GRAY  -  RUE DES DEUX PONTS (FACE 4)/ TWEEBRUGGENSTRAAT (TEGENOVER 4),"50.832194, 4.377694",49.9237763459,4.377694,50.832194,5249729.50701,10122965.4756,POINT (4.377694 50.832194),-1765.5949933189293,-5076.770440034817,3420.338757894579
214,64,50.832749,4.3310580000000005,VETERINAIRES/VEEARTSEN - RUE DE FRANCE / FRANKRIJKSTRAAT,"50.832749, 4.331058",67.8202577155,4.3310580000000005,50.832749,5249778.777,10118733.5243,POINT (4.331058 50.832749),-1999.6430160690252,-4987.177518041411,3423.321371391925
215,74,50.831936,4.3530370000000005,PLACE LOIX/LOIXPLEIN - RUE BERCKMANS/ BERCKMANSSTRAAT 78 - 84,"50.831936, 4.353037",86.3283618559,4.3530370000000005,50.831936,5249835.080019999,10120730.3976,POINT (4.353037 50.831936),-1890.5338186111587,-5032.523310996827,3418.951886903506
216,209,50.828602000000004,4.299621,VEEWEYDE / VEEWEIDE - BD THEO LAMBERT (FACE 5 a 9) / THEO LAMBERTLAAN (TEGENOVER ( tot 9),"50.828602, 4.299621",74.9393993009,4.299621,50.828602000000004,5250456.998819999,10115899.699,POINT (4.299621 50.828602),-2161.0873952835477,-4934.822766625273,3401.00963420327
217,194,50.885884999999995,4.342003,AVENUE HOUBA DE STROOPER LAAN 30-32,"50.885885, 4.342003",60.296474374700004,4.342003,50.885884999999995,5242142.16625,10119496.8046,POINT (4.342003 50.885885),-1876.3817170388656,-4832.208510546441,3703.8619794161914
218,324,50.819641,4.412926000000001,THOMAS BALIS - CHEE DE WAVRE 1395 à 1403 / WAVERSESTEENWEG 1395 TOT 1403,"50.819641, 4.412926",70.8090481686,4.412926000000001,50.819641,5251427.06334,10126217.7534,POINT (4.412926 50.819641),-1598.2125390507729,-5176.431410967674,3352.5983248173475
219,241,50.803917,4.349116,STATUAIRES/BEELDHOUWWERK - AVENUE DE FRE/DE FRELAAN 62,"50.803917, 4.349116",86.88339652110001,4.349116,50.803917,5253859.27975,10120496.5065,POINT (4.349116 50.803917),-1943.537102522959,-5112.631650905349,3267.002009989818
220,81,50.870259000000004,4.343195,PONT BOCKSTAEL/BRUG BOCKSTAEL - BLD EMILE BOCKSTAEL/EMILE BOCKSTAELLAAN 5,"50.870259, 4.343195",61.1917454339,4.343195,50.870259000000004,5244375.298669999,10119672.1789,POINT (4.343195 50.870259),-1891.2767242120597,-4887.826061556894,3622.4121444720954
221,268,50.862808,4.410791000000001,DUNANT - AV HENRI DUNANT / HENRI DUNANTLAAN,"50.862808, 4.410791",75.5059659219,4.410791000000001,50.862808,5245252.40817,10125828.0822,POINT (4.410791 50.862808),-1564.7857724636974,-5030.0421109542895,3583.2614819911905
222,205,50.835503,4.2995730000000005,DE LINDE - PLACE DE LINDE 22 / DE LINDEPLEIN 22,"50.835503, 4.299573",66.37464485859999,4.2995730000000005,50.835503,5249468.785540001,10115866.4766,POINT (4.299573 50.835503),-2151.856789317142,-4913.102962309521,3438.1059669555166
223,319,50.885197,4.317648,ANCIENNE BARRIERE / OUDE AFSPANNINGSPLEIN - PLACE DE L'ANCIENNE BARRIERE FACE 10,"50.885197, 4.317648",80.0680664021,4.317648,50.885197,5242306.471030001,10117295.0334,POINT (4.317648 50.885197),-1994.4815544645714,-4787.4318251810055,3700.29469747271
224,221,50.821846,4.284394,CURIE - SQUARE MARIE CURIE (FACE 30) / MARIE CURIE SQUARE (TEGENOVER 30),"50.821846, 4.284394",70.6572126001,4.284394,50.821846,5251464.7898,10114546.3929,POINT (4.284394000000001 50.821846),-2245.462042359792,-4922.137727942983,3364.535837746668
225,293,50.810528000000005,4.40231,KEYM - AVENUE DU COLVERT,"50.810528, 4.40231",72.3210036551,4.40231,50.810528000000005,5252762.85915,10125295.7264,POINT (4.40231 50.810528),-1662.328194073736,-5188.05396667198,3303.0897677911635
226,313,50.814958000000004,4.416987000000001,DEMEY - INTERSECTION BD INVALIDENLAAN / AV LOUIS DEHOUXLAAN,"50.814958, 4.416987",67.95204228850001,4.416987000000001,50.814958000000004,5252086.09104,10126607.5682,POINT (4.416987 50.814958),-1581.7313366314154,-5197.842329893919,3327.1913218631034
227,128,50.832355,4.432358,MUSEE DU TRAM - AVENUE DE TERVUREN / TERVURENLAAN,"50.832355, 4.432358",69.6251481991,4.432358,50.832355,5249549.897369999,10127922.1486,POINT (4.432358 50.832355),-1485.4271089140436,-5165.124379711973,3421.2040930362905
228,4,50.847976,4.343696,JARDIN AUX FLEURS/BLOEMENHOF - PLACE DU JARDIN AUX FLEURS/BLOEMENHOFPLEIN - RUE DES 6 JETONS/ZES PENNIGENSTRAAT 71,"50.847976, 4.343696",66.635230758,4.343696,50.847976,5247563.90107,10119813.8591,POINT (4.343696 50.847976),-1917.4469309928097,-4962.846961344318,3504.737979521682
229,304,50.893496999999996,4.363297,ARAUCARIA - AV DES CROIX DE FEU DEV 221C,"50.893497, 4.363297",73.3096244056,4.363297,50.893496999999996,5240994.37906,10121391.0085,POINT (4.363297 50.893497),-1763.3722395215416,-4844.43154405671,3743.2128392375853
230,343,50.861788,4.2929129999999995,VANDENDRIESCH - RUE J-B VANDENDRIESCH 22-24,"50.861788, 4.292913",84.8557757647,4.2929129999999995,50.861788,5245722.76866,10115153.1551,POINT (4.292913 50.861788),-2146.97340639688,-4814.444387725427,3577.8864472931114
231,303,50.807903,4.392755999999999,VIEUX TILLEUL - AV DU BOIS DE LA CAMBRE FACE 113,"50.807903, 4.392756",82.0451668365,4.392755999999999,50.807903,5253166.13564,10124440.3879,POINT (4.392756 50.807903),-1714.5368028016317,-5180.149169373079,3288.7777569915174
232,32,50.850176,4.346384,DANSAERT - RUE ANTOINE DANSAERT/ANTOINE DANSAERTSTRAAT 60-62-64,"50.850176, 4.346384",82.9287572766,4.346384,50.850176,5247241.54789,10120047.9788,POINT (4.346384 50.850176),-1901.3358144106537,-4960.771386376992,3516.4343265505004
233,296,50.79528,4.40832,GARE DE BOITSFORT / BOSVOORDE STATION - CHEE DE LA HULPE DVT 187 / HULPSESTEENWEG 187,"50.79528, 4.40832",77.6193219124,4.40832,50.79528,5254930.05754,10125910.3595,POINT (4.40832 50.79528000000001),-1646.0076425261843,-5245.399737824818,3219.63995365518
234,157,50.863388,4.386222,HELIOTROPES/HELIOTROPEN - BOULEVARD LAMBERMONT /  LAMBERMONTLAAN 374,"50.863388, 4.386222",71.5451252288,4.386222,50.863388,5245239.3171,10123599.7653,POINT (4.386222 50.863388),-1687.217989137014,-4988.11311867613,3586.316211995748
235,280,50.897521999999995,4.334830999999999,HEYSEL / HEISEL - AVENUE DE L'IMPERATRICE CHARLOTTE / KEIZERIN CHARLOTTELAAN,"50.897522, 4.334831",80.4685940834,4.334830999999999,50.897521999999995,5240496.50182,10118797.6632,POINT (4.334831 50.89752200000001),-1894.9711677532339,-4778.23549919526,3763.932888298378
236,53,50.837499,4.335947,GARE DU MIDI / ZUIDSTATION - PLACE VICTOR HORTA / VICTOR HORTAPLEIN,"50.837499, 4.335947",69.90468507770001,4.335947,50.837499,5249085.25898,10119156.4998,POINT (4.335947 50.837499),-1969.2369558656105,-4981.71564461977,3448.805017365258
237,290,50.791579999999996,4.332669,GARE DE CALEVOET / KALEVOET STATION - CHEE D'ALSEMBERG / ALSEMBERGSESTEENWEG 1006,"50.79158, 4.332669",62.1561504265,4.332669,50.791579999999996,5255671.95616,10119056.3304,POINT (4.332669 50.79158),-2042.1427118910492,-5117.022741326567,3199.276857200236
238,323,50.855185999999996,4.415246,CARENE - AV LEON GROSJEAN 79,"50.855186, 4.415246",75.8402680207,4.415246,50.855185999999996,5246330.66641,10126266.3531,POINT (4.415246 50.855186),-1550.313159685198,-5062.931468958099,3543.0064983768634
239,56,50.845817,4.383722,ARCHIMEDE / ARCHIMEDES - RUE ARCHIMEDE/ARCHIMEDESSTRAAT 58-64,"50.845817, 4.383722",72.6806896267,4.383722,50.845817,5247761.84043,10123451.4983,POINT (4.383722 50.845817),-1719.7597043065614,-5042.749257999755,3493.2431178471284
240,201,50.842667,4.295939,PETERBOS - BD MARIA GROENINCKX DE MAY (FACE 26) / MARIA GROENINCKX DE MAYLAAN (TEGENOVER 26),"50.842667, 4.295939",57.088533131999995,4.295939,50.842667,5248452.48813,10115507.0394,POINT (4.295939 50.842667),-2159.677687212872,-4882.599575475659,3476.442818876759
241,149,50.856208,4.403386,JULES LEBRUN - CHAUSSEE DE LOUVAIN (FACE 593) / LEUVENSE STEENWEG (TEGENOVER 593),"50.856208, 4.403386",60.021995610699996,4.403386,50.856208,5246218.392519999,10125187.051,POINT (4.403386 50.856208),-1609.1470822999597,-5040.737027103307,3548.4161101983586
242,196,50.846874,4.29817,PRINCE DE LIEGE / PRINS VAN LUIK - CHEE DE NINOVE (FACE 629) / NINOOFSESTEENWEG (TEGENOVER 629),"50.846874, 4.29817",65.5043449035,4.29817,50.846874,5247844.18429,10115691.7383,POINT (4.29817 50.846874),-2142.8738867308302,-4873.9739109578,3498.872792896283
243,43,50.845256,4.374501,JOSEPH II/JOZEF II - RUE JOSEPH II/JOZEF II-STRAAT,"50.845256, 4.374501",82.86850557140001,4.374501,50.845256,5247868.06879,10122618.12,POINT (4.374501 50.845256),-1766.8344802810795,-5028.525305724623,3490.2535966569794
244,108,50.828012,4.3717559999999995,FLAGEY - PLACE FLAGEY (FACE 11)/EUGENE FLAGEYPLEIN (TEGENOVER 11),"50.828012, 4.371756",73.9788415564,4.3717559999999995,50.828012,5250345.0557699995,10122445.4152,POINT (4.371756 50.828012),-1800.4725215996682,-5079.634560377127,3397.8305478623856
245,286,50.80814,4.336901,BENS - CHEE D'ALSEMBERG DEVANT LE 548 / ALSEMBERSESTEENWEG VOOR 548,"50.80814, 4.336901",51.386661895100005,4.336901,50.80814,5253287.76332,10119369.3785,POINT (4.336901 50.80814),-2000.7639212139757,-5075.629859711024,3290.0708592336305
246,130,50.820244,4.4300809999999995,ROND POINT DU SOUVERAIN - BOULEVARD DU SOUVERAIN FACE / VORSTLAAN VOOR 207,"50.820244, 4.430081",89.0083571717,4.4300809999999995,50.820244,5251290.962280001,10127771.4113,POINT (4.430081 50.820244),-1508.6166051214475,-5201.143187535585,3355.8644909328536
247,325,50.821735,4.405622,HANKAR - CHEE DE WAVRE / WAVERSESTEENWEG 1208,"50.821735, 4.405622",84.185027625,4.405622,50.821735,5251148.14429,10125545.5932,POINT (4.405622 50.821735),-1633.8546523982857,-5157.9161804333025,3363.9352922523344
248,106,50.830011999999996,4.378625,GERMOIR/MOUTERIJ - AVENUE DE LA COURONNE/KROONLAAN 92-94-96,"50.830012, 4.378625",61.4663473971,4.378625,50.830011999999996,5250039.37193,10123059.5919,POINT (4.378625 50.830012),-1763.3085112613292,-5085.451244239393,3408.6023142304766
249,65,50.829985,4.344557,PARVIS DE ST GILLES/ST-GILLISVOORPLEIN - CHAUSSEE DE WATERLOO/ WATERLOOSESTEENWEG 65-69,"50.829985, 4.344557",67.1043408291,4.344557,50.829985,5250137.80444,10119969.7511,POINT (4.344557 50.829985),-1935.5360720985366,-5022.525469090738,3408.456986077459
250,231,50.805801,4.3194,KERSBEEK - AV KERSBEEK 107 / KERSBEEKLAAN 107,"50.805801, 4.3194",59.4316808904,4.3194,50.805801,5253670.2972099995,10117790.7018,POINT (4.3194 50.805801),-2092.2228650157117,-5046.934048678787,3277.3009003434818
251,250,50.80534,4.372123,SAINTE-ELISABETH - AV DE FRE CROISEMENT CH DE WATERLOO / DEFRELAAN - WATERLOOSESTEENWEG,"50.80534, 4.372123",71.9381969224,4.372123,50.80534,5253591.51845,10122578.8786,POINT (4.372123 50.80534),-1823.8534309652648,-5151.601989943606,3274.781916336615
252,342,50.864761,4.294429,MAISON COMMUNALE DE BERCHEM ST AGHATE - AVENUE DU ROI ALBERT DVT 38,"50.864761, 4.294429",56.9405175212,4.294429,50.864761,5245293.17538,10115278.1331,POINT (4.294429 50.864761),-2135.345246652032,-4807.950982274333,3593.542685101688
253,168,50.866378999999995,4.303281,HOPITAL FRANÇAIS/FRANS HOSPITAAL - AVENUE JOS GOFFINLAAN 133-135,"50.866379, 4.303281",78.0665201707,4.303281,50.866378999999995,5245038.15921,10116073.2838,POINT (4.303281 50.866379),-2090.3865246870514,-4821.3235980806085,3602.0499635621154
254,13,50.840184,4.341324,LEMONNIER - BLD. MAURICE LEMONNIER/DE MAURICE LEMONNIERLAAN 202-204-206,"50.840184, 4.341324",66.6649921522,4.341324,50.840184,5248686.1040199995,10119632.4831,POINT (4.341324 50.840184),-1939.0571685464608,-4983.584361371983,3463.175596211833
255,7,50.846319,4.3622440000000005,PARC/PARK - RUE ROYALE  (FACE N°66-68)/KONINGSSTRAAT (TEGENOVER N°66-68),"50.846319, 4.362244",62.698390911400004,4.3622440000000005,50.846319,5247750.0335800005,10121502.3624,POINT (4.362244 50.846319),-1827.061117268528,-5003.00418728383,3495.917301050747
256,272,50.850845,4.299658999999999,SCHEUTBOS - BD METTEWIE/LAAN FACE/VOOR 419,"50.850845, 4.299659",60.39695892859999,4.299658999999999,50.850845,5247271.66289,10115810.1126,POINT (4.299659 50.850845),-2130.0242897387743,-4864.3934941133275,3519.987707301086
257,41,50.859302,4.35485,SAINT ROCH/SINT-ROCHUS - CHAUSSEE D'ANVERS/ANTWERPSELAAN 37,"50.859302, 4.35485",67.0741025388,4.35485,50.859302,5245911.74221,10120775.5286,POINT (4.35485 50.859302),-1847.962144174499,-4946.421730425605,3564.7705365803486
258,57,50.849761,4.369356,MADOU - RUE SCAILQUIN/SCAILQUINSTRAAT,"50.849761, 4.369356",72.9244282366,4.369356,50.849761,5247237.43622,10122131.879,POINT (4.369356 50.849761),-1787.3760202845099,-5004.510025328651,3514.229270906629
259,46,50.843556,4.3550059999999995,ALBERTINE/ALBERTINA - BLD DE L'EMPEREUR/KEIZERSLAAN face/tegenover 2,"50.843556, 4.355006",73.7665396324,4.3550059999999995,50.843556,5248165.68198,10120858.302000001,POINT (4.355006 50.843556),-1866.5965951729859,-4998.67883404238,3481.187737681684
260,49,50.8615,4.351143,WILLEBROECK/WILLEBROEK - QUAI DE WILLEBROECK/WILLEBROEKKAAI 22 BIS,"50.8615, 4.351143",69.987682799,4.351143,50.8615,5245607.3007,10120430.0994,POINT (4.351143 50.8615),-1863.5119521982224,-4932.1957889745045,3576.3681162929142
261,171,50.854789000000004,4.312201,PISCINE LOUIS NAMECHE ZWEMBAD - RUE CHARLES MALISSTRAAT / PARKING PISCINE / ZWEMBAD PARKING,"50.854789, 4.312201",72.49729137770001,4.312201,50.854789000000004,5246673.62715,10116930.2386,POINT (4.312201 50.854789),-2063.4244305008797,-4877.901051702022,3540.904114688285
262,3,50.853203,4.341823000000001,PORTE DE FLANDRE/VLAAMSEPOORT - BLD DE NIEUPORT/NIEUWPOORTLAAN 1,"50.853203, 4.341823",76.4636465651,4.341823000000001,50.853203,5246820.65099,10119621.5195,POINT (4.341823 50.85320300000001),-1920.0784894260896,-4942.103410985241,3532.499606450264
263,114,50.820391,4.385358,SAISONS/JAARGETIJDEN  -  AVENUE DES SAISONS 2 / JAARGETIJDENLAAN 2,"50.820391, 4.385358",75.9255085876,4.385358,50.820391,5251398.3131,10123713.1701,POINT (4.385358 50.820391),-1739.4828344176117,-5128.0279365401975,3356.660535536735
264,314,50.812325,4.427962,HERRMANN DEBROUX - AV HERRMANN DEBROUXLAAN,"50.812325, 4.427962",70.0731934033,4.427962,50.812325,5252431.38263,10127615.5772,POINT (4.427962 50.812325),-1527.0438758948292,-5223.278878862464,3312.8742437227193
265,307,50.881889,4.347448,KAREL BOGAERT - BD EMILE BOCKSTAEL / EMILE BOCKSTAELLAAN 307,"50.881889, 4.347448",55.601103425699996,4.347448,50.881889,5242699.13751,10120007.0011,POINT (4.347448 50.881889),-1855.3101308070193,-4856.140962084625,3683.118281414358
266,289,50.801594,4.340061,SQUARE GEORGES MARLOWSQUARE - SQUARE MARLOW FACE 3-4-5 / MARLOWSQUARE VOOR 3-4-5,"50.801594, 4.340061",74.9648619104,4.340061,50.801594,5254216.94937,10119684.4754,POINT (4.340061 50.801594),-1992.5071535250736,-5101.879064497575,3254.287365060554
267,75,50.825888,4.340388,GENERAL BARON/GENERAAL BARON - AV DU PARC / PARKLAAN 51 - 55,"50.825888, 4.340388",67.5158540742,4.340388,50.825888,5250735.98577,10119609.2952,POINT (4.340388 50.825888),-1961.517467150842,-5027.379781132115,3386.3760515226527
268,115,50.817775,4.384971,PETITE SUISSE / KLEIN ZWITSERLAND - PLACE DE LA PETITE SUISSE (FACE 16-18) / KLEIN ZWITSERLANDPLEIN (TEGENOVER 16 - 18),"50.817775, 4.384971",67.269211196,4.384971,50.817775,5251774.09948,10123689.7241,POINT (4.384971 50.817775),-1744.2852596037314,-5135.65135854701,3342.4833666876184
269,158,50.867955,4.379576999999999,VAN YSENDIJCK - AVENUE VOLTAIRE (FACE 6) / VOLTAIRELAAN (TEGENOVER 6),"50.867955, 4.379577",78.4049566324,4.379576999999999,50.867955,5244604.30286,10122977.5302,POINT (4.379577 50.867955),-1714.9576283903364,-4961.259698665344,3610.327344608083
270,94,50.849215,4.329184,DUCHESSE DE BRABANT/HERTOGIN VAN BRABANT - RUE DE BIRMINGHAM / BIRMINGHAMSTRAAT,"50.849215, 4.329184",64.8311243828,4.329184,50.849215,5247426.00469,10118493.1331,POINT (4.329184 50.849215),-1987.6382197309763,-4930.468164747268,3511.3272396457705
271,54,50.863445,4.34635,FERMÉE - AGRANDISSEMENT STATION - TOUR ET TAXIS/THURN &TAXIS - RUE PICARD/ PICARDSTRAAT 3,"50.863445, 4.34635",74.14765543899999,4.34635,50.863445,5245342.03211,10119987.4337,POINT (4.34635 50.863445),-1884.637201212009,-4916.7028337366355,3586.6163531292145
272,70,50.818113000000004,4.371446,AURORE/DAGERAAD - AVENUE LOUISE/LOUIZALAAN 440,"50.818113, 4.371446",48.07760091390001,4.371446,50.818113000000004,5251763.7092699995,10122461.0052,POINT (4.371446 50.818113),-1813.2054238388114,-5110.52588355677,3344.3164151224996
273,45,50.833079999999995,4.35743,STEPHANIE/STEFANIA - AV LOUISE/LOUIZALAAN 61A-63-65,"50.83308, 4.35743",93.700298358,4.35743,50.833079999999995,5249659.11366,10121123.8183,POINT (4.35743 50.83308),-1867.0471771878088,-5037.109087133857,3425.0996894205223
274,136,50.869809000000004,4.371808000000001,PAVILLON/PAVILJOEN - PLACE PAVILLON /PAVILJOENPLAATS 92-94-96,"50.869809, 4.371808",69.9193069262,4.371808000000001,50.869809000000004,5244360.6799800005,10122265.6633,POINT (4.371808 50.869809),-1751.2106227416843,-4941.4690287941485,3620.0533410800595
275,285,50.813469,4.338951,COGHEN - AV COGHEN 1 A 5 / COGHENSTRAAT 1 TOT 5,"50.813469, 4.338951",73.46672758369999,4.338951,50.813469,5252518.76443,10119532.4805,POINT (4.338951 50.813469),-1983.9301650060372,-5063.3243040402385,3319.0976322631054
276,104,50.833304,4.366611,FERNAND COCQ - PLACE FERNAND COCQ (FACE AU 19-23) / FERNAND COCQPLEIN (TEGENOVER 19 - 23) (FERMÉE),"50.833304, 4.366611",63.2281196023,4.366611,50.833304,5249601.54687,10121955.4561,POINT (4.366611 50.833304),-1820.4633621227426,-5053.315978262101,3426.3029304207325
277,270,50.859127,4.414406,DE PADUWA - AVENUE DES ANCIENS COMBATTANTS / OUD-STRIJDERSLAAN 1,"50.859127, 4.414406",81.78722889689999,4.414406,50.859127,5245768.92695,10126172.3085,POINT (4.414406 50.859127),-1550.4539817753011,-5048.24049887672,3563.8464214803153
278,267,50.861709999999995,4.403147,GENEVE - RUE DE GENEVE /  GENEVESTRAT 12,"50.86171, 4.403147",68.9933087846,4.403147,50.861709999999995,5245431.46795,10125140.5648,POINT (4.403147 50.86171),-1604.3857462890714,-5021.678815623039,3577.475261944833
279,348,50.831078000000005,4.398546,HANSEN-SOULIE - AVENUE HANSEN-SOULIE 42,"50.831078, 4.398546",77.58341363310001,4.398546,50.831078000000005,5249830.32194,10124861.5748,POINT (4.398546 50.831078),-1660.5353820995713,-5116.107758452764,3414.338098181676
280,144,50.85778,4.368144,SAINTE MARIE/SINTE-MARIA - RUE ROYALE/ KONINGSSTRAAT 257 - 259,"50.85778, 4.368144",73.1846690552,4.368144,50.85778,5246092.77871,10121986.7365,POINT (4.368144 50.85778),-1783.872050476591,-4975.652236097308,3556.7297244727924
281,229,50.813587,4.324681,ZAMAN FOREST NATIONAL/ZAMAN VORST NATIONAAL - AV VAN VOLXEM 2 / VAN VOLXEMLAAN 2,"50.813587, 4.324681",72.5318286267,4.324681,50.813587,5252540.637730001,10118236.8962,POINT (4.324681 50.813587),-2055.831271563812,-5034.136441175568,3319.739308212094
282,312,50.816948,4.426551,CENTRE CULTUREL / CULTUREEL CENTRUM - BD DU SOUVERAIN FACE 282 / VORSTLAAN VOOR 282,"50.816948, 4.426551",65.9800547207,4.426551,50.816948,5251773.31959,10127466.2909,POINT (4.426551 50.816948),-1530.0776598280522,-5206.369274874159,3337.9967538242804
283,340,50.843617,4.425324,AVENUE PAUL HYMANSLAAN,"50.843617, 4.425324",60.528156464700004,4.425324,50.843617,5247957.80127,10127232.605,POINT (4.425324 50.843617),-1510.7160620859986,-5117.269164807815,3481.5132162125274
284,63,50.834705,4.421643,JULES CESAR - AVENUE DE TERVUREN DEVANT / TERVURENLAAN VOOR 278,"50.834705, 4.421643",63.417705751199996,4.421643,50.834705,5249244.55011,10126939.6918,POINT (4.421643 50.83470500000001),-1538.3760808443076,-5141.195217837705,3433.824655681886
285,292,50.797739,4.336083,FERMÉE - TRAVAUX DE VOIRIE - RITTWEGER - RUE RITTWEGER 6-8 / RITTWEGERSTRAAT 6-8,"50.797739, 4.336083",56.675571910600006,4.336083,50.797739,5254780.14806,10119339.8941,POINT (4.336083 50.797739),-2017.3818743359589,-5105.542111148485,3233.148794038128
286,156,50.847158,4.393255,JAMBLINE DE MEUX - PLACE JAMBLINNE DE MEUX / JAMBLINNE DE MEUXPLEIN 43 - 44 - 45,"50.847158, 4.393255",65.5125120438,4.393255,50.847158,5247542.879290001,10124309.6205,POINT (4.393255 50.847158),-1670.1385410870844,-5054.461885728386,3500.384735896121
287,284,50.873084999999996,4.35859,CLAESSENS - RUE CLAESSENS FACE 7 / CLAESSENSSTRAAT VOOR 7,"50.873085, 4.35859",76.2765884656,4.35859,50.873084999999996,5243928.49924,10121054.1792,POINT (4.35859 50.873085),-1812.2535208572174,-4906.739392641836,3637.208642467111
288,51,50.835699,4.338826,MIDI FONSNY/ZUID FONSNY - RUE D'ANGLETERRE / ENGELANDSTRAAT,"50.835699, 4.338826",74.8130423798,4.338826,50.835699,5249335.17719,10119425.317,POINT (4.338826 50.835699),-1957.1487484027232,-4993.13605384066,3439.1571822849523
289,309,50.875209999999996,4.317954,FERMÉE - TRAVAUX DE VOIRIE - SQUARE DU CENTENAIRE / EEUWFEESTSQUARE- SQUARE DU CENTENAIRE,"50.87521, 4.317954",77.23967801100001,4.317954,50.875209999999996,5243734.9775,10117365.0456,POINT (4.317954 50.87521000000001),-2007.118131450076,-4821.919789868365,3648.315686242101
290,175,50.854166,4.322948,BEEKANT - BOULEVARD EDMOND MACHTENS / EDMOND MACHTENSLAAN,"50.854166, 4.322948",80.1331186482,4.322948,50.854166,5246733.98901,10117906.824,POINT (4.322948 50.854166),-2011.7206357219384,-4901.834407390208,3537.6037831187373
291,50,50.860862,4.339182,RIBAUCOURT - BLD LEOPOLD II / LEOPOLD II-LAAN 121-123,"50.860862, 4.339182",82.4871563716,4.339182,50.860862,5245731.382730001,10119349.1818,POINT (4.339182 50.860862),-1923.2027716984137,-4911.677700847485,3573.0035351128763
292,347,50.814820000000005,4.26534,ERASME - ROUTE DE LENNIK N°808,"50.81482, 4.26534",63.241937908800004,4.26534,50.814820000000005,5252520.79985,10112846.1896,POINT (4.26534 50.81482),-2348.996757411899,-4899.657345648641,3326.441511420227
293,164,50.867643,4.385816999999999,KENNIS - BOULEVARD LAMBERMONT (20 M APRES 284)/LAMBERMONTLAAN   (20 M NA N° 284),"50.867643, 4.385817",81.2891103011,4.385816999999999,50.867643,5244631.40451,10123544.1142,POINT (4.385817 50.867643),-1684.3274528064144,-4972.931021380086,3608.689386511155
294,206,50.834755,4.305962,SAINT GUIDON / SINT GUIDO - AV PAUL JANSON (FACE AU 34-28) / PAUL JANSONLAAN (TEGENOVER 34-28),"50.834755, 4.305962",70.9168956959,4.305962,50.834755,5249558.9422,10116449.0204,POINT (4.305962 50.834755),-2121.4393474313133,-4929.111639163347,3434.092972508845
295,14,50.839024,4.362168,PORTE DE NAMUR/NAAMSEPOORT - BLD DU REGENT /REGENTLAAN 1,"50.839024, 4.362168",70.154086959,4.362168,50.839024,5248794.79676,10121527.4488,POINT (4.362168 50.839024),-1836.1427567805863,-5026.686608673452,3456.9701350901455
296,190,50.867903999999996,4.390696,TERDELT - PLACE TERDELT / TERDELTPLEIN,"50.867904, 4.390696",81.73152426770001,4.390696,50.867903999999996,5244580.26427,10123984.8694,POINT (4.390696 50.867904),-1659.7467213642485,-4980.195911948256,3610.059625481898
297,210,50.827873,4.288707,MARIUS RENARD - AV CHARLES DE TOLLENAERE (FACE 60) - CHARLES DE TOLLENAERELAAN (TEGENOVER 60),"50.827873, 4.288707",62.9668989318,4.288707,50.827873,5250590.20866,10114912.7148,POINT (4.288707 50.827873),-2215.8349887827612,-4913.202034704452,3397.081404479753
298,287,50.809334,4.345243,FLOREAL - AV BRUGMANN 359 / BRUGMANNLAAN 359,"50.809334, 4.345243",84.1459358039,4.345243,50.809334,5253093.882259999,10120121.4238,POINT (4.345243 50.809334),-1956.9424058393472,-5088.473264522416,3296.58266337556
299,118,50.864622,4.297878,SCHWEITZER - PLACE DOCTEUR SCHWEITZER,"50.864622, 4.297878",66.710135421,4.297878,50.864622,5245303.975190001,10115591.1704,POINT (4.297878 50.864622),-2118.9511063220584,-4815.744331464034,3592.8113981934193
300,140,50.862704,4.381289,AZALEES / AZALEA -   AVENUE PAUL DESCHANEL/LAAN FACE/TEGENOVER N°  6-8,"50.862704, 4.381289",73.9066280355,4.381289,50.862704,5245351.12046,10123155.9208,POINT (4.381289 50.862704),-1712.6007649262813,-4982.048053759959,3582.7136098215456
301,87,50.871390999999996,4.323914,MIROIR/SPIEGEL - AVENUE DE LAEKEN (FACE 36) / LAKENSE LAAN (TEGENOVER 36),"50.871391, 4.323914",71.1340580299,4.323914,50.871390999999996,5244265.58285,10117921.0268,POINT (4.323914 50.871391),-1983.6070473442508,-4846.655965995296,3628.342600831463
302,315,50.810322,4.435789,SACRE COEUR AUDERGHEM / HEILIGE HART OUDERGHEM - SQUARE DU SACREE CŒUR / HEILIG-HARTSQUARE,"50.810322, 4.435789",76.7783417243,4.435789,50.810322,5252695.42492,10128335.1418,POINT (4.435789 50.810322),-1487.9240488186786,-5241.443891449912,3301.96743741204
303,322,50.889523,4.3159529999999995,PARC DU ROI BAUDOUIN / BOUDEWIJNPARK - RUE JEAN BAPTISTE MOYENSSTRAAT 400,"50.889523, 4.315953",66.6600238788,4.3159529999999995,50.889523,5241691.937940001,10117123.2953,POINT (4.315953 50.889523),-1996.3936457538985,-4769.2336008154125,3722.6958339416765
304,44,50.841707,4.370986,CHARLEMAGNE/KAREL DE GROTE - RUE DE LA SCIENCE/WETENSCHAPSSTRAAT 11,"50.841707, 4.370986",61.4008508903,4.370986,50.841707,5248386.06028,10122315.1425,POINT (4.370986 50.841707),-1788.634802871948,-5033.924187938208,3471.3158617512586
305,82,50.873012,4.341687,PANNENHUIS - RUE CHARLES DEMEER/CHARLES DEMEERSTRAAT  71,"50.873012, 4.341687",76.0527870076,4.341687,50.873012,5243985.37362,10119523.7202,POINT (4.341687 50.873012),-1895.0254863274113,-4875.654858601646,3636.826790756431
306,202,50.839554,4.312311,AUMALE - RUE D'AUMALE / AUMALESTRAAT 339-341,"50.839554, 4.312311",55.6059862308,4.312311,50.839554,5248854.75952,10117004.5354,POINT (4.312311 50.839554),-2083.6589467967906,-4927.245586272978,3459.805966522854
307,212,50.827106,4.2925,THEO LAMBERT - BD THEO LAMBERT (FACE 60) / THEO LAMBERT LAAN (TEGENOVER 60),"50.827106, 4.2925",73.9549985055,4.2925,50.827106,5250690.08259,10115259.9792,POINT (4.2925 50.827106),-2198.2448531117834,-4923.949113341486,3392.9464621463085
308,123,50.817507,4.366498,BASCULE -  CHAUSSEE DE VLEURGAT (DEVANT 215 - 217) / VLEURGATSESTEENWEG  (N° 215 - 217),"50.817507, 4.366498",83.8734698308,4.366498,50.817507,5251864.32767,10122014.7034,POINT (4.366498 50.81750700000001),-1839.1567763474336,-5103.397307800039,3341.0296722349876
309,351,50.813724,4.384205000000001,ULB - AV BUYL CROISEMENT AV DE L'UNIVERSITE (DEVANT L'ULB),"50.813724, 4.384205",61.6608872979,4.384205000000001,50.813724,5252356.52025,10123638.2765,POINT (4.384205 50.813724),-1752.568702052355,-5147.0893047265945,3320.484246876595
310,195,50.8377,4.2887260000000005,WESTLAND SHOPPING - BD SYLVAIN DUPUIS 265 / SYLVAIN DUPUIS LAAN 265,"50.8377, 4.288726",80.6914290024,4.2887260000000005,50.8377,5249182.76581,10114873.6736,POINT (4.288726 50.8377),-2201.9109940647354,-4882.5756998781535,3449.88166596714
311,338,50.851073,4.452706,"UCL - AVENUE E.MOUNIER,40","50.851073, 4.452706",71.93896763720001,4.452706,50.851073,5246810.09061,10129679.9105,POINT (4.452706 50.851073),-1363.3427890602588,-5131.481220194858,3521.1983650889215
312,217,50.824913,4.297248000000001,BIZET - PLACE BIZET (face 11 a 19) / BIZETPLEIN (TEGENOVER 11 tot 19),"50.824913, 4.297248",75.1399918203,4.297248000000001,50.824913,5250991.64851,10115699.8517,POINT (4.297248 50.82491300000001),-2177.8370084348453,-4941.127680497152,3381.1128655690263
313,170,50.87453,4.385378,RIGA - SQUARE FRANCOIS RIGA / FRANCOIS RIGASQUARE,"50.87453, 4.385378",67.72113476770001,4.385378,50.87453,5243646.92211,10123473.6743,POINT (4.385378 50.87453),-1678.4873323909326,-4948.537392879503,3644.763222251411
314,187,50.826603000000006,4.397117,ARSENAL/ARSENAAL - BOULEVARD LOUIS SCHMIDT/ LOUIS SCHMIDTLAAN 2,"50.826603, 4.397117",88.7480163458,4.397117,50.826603000000006,5250475.25915,10124752.0998,POINT (4.397117 50.82660300000001),-1672.5655739038982,-5128.204464158916,3390.2336755409765
315,232,50.810875,4.3291580000000005,DOMAINE / DOMEIN - AV DU DOMAINE (FACE 150) / DOMEINELAAN (VOOR 150),"50.810875, 4.329158",79.9585255857,4.3291580000000005,50.810875,5252917.01789,10118654.8181,POINT (4.329158 50.81087500000001),-2036.631876275382,-5051.621417327047,3304.97997823613
316,142,50.857319,4.386724,BIENFAITEURS/WELDOENERS - AVENUE ROGIER / ROGIERLAAN 269/271,"50.857319, 4.386724",80.4903853552,4.386724,50.857319,5246106.67074,10123672.3091,POINT (4.386724 50.857319),-1691.646257667176,-5009.488795255846,3554.2926088220115
317,248,50.795704,4.373631,PRINCE DE LIGNE / PRINCE LIJN - CHEE DE WATERLOO FACE 1170 / WATERLOOSESTEENWEG VOOR 1170,"50.795704, 4.373631",62.1369312726,4.373631,50.795704,5254967.84154,10122758.413999999,POINT (4.373631 50.795704),-1826.4847628729228,-5183.869170326222,3221.9706447971216
318,192,50.851562,4.332924,"AUBERGE DE JEUNESSE - RUE DELAUNOY/STRAAT ,67","50.851562, 4.332924",74.25131940680001,4.332924,50.851562,5247079.83135,10118822.0644,POINT (4.332924 50.851562),-1966.1262978471025,-4930.1990002549965,3523.794290079754
319,300,50.801434,4.392831,GARE DE BOONDAELSTATION - AV DE LA FORET 23 / VORSTLAAN 23,"50.801434, 4.392831",65.854832127,4.392831,50.801434,5254092.664580001,10124476.219,POINT (4.392831 50.801434),-1720.7958822960854,-5200.3672503375765,3253.4109782026057
320,112,50.821567,4.356508,PAGE-EDELKNAAP  -  CHAUSSEE DE WATERLOO/  WATERLOOSE STEENWEG 440 - 442,"50.821567, 4.356508",72.9389813864,4.356508,50.821567,5251310.54186,10121090.4779,POINT (4.356508 50.821567),-1885.305409157582,-5072.013284315424,3363.0262796964616
321,283,50.893158,4.376931,PISCINE / ZWEMBAD - RUE DE LOMBARTZYDE / LOMBARDSIJDESTRAAT,"50.893158, 4.376931",49.5888810612,4.376931,50.893158,5241004.92232,10122626.317,POINT (4.376931 50.893158),-1697.5790582009367,-4869.220305147062,3741.464948533017
322,204,50.837326000000004,4.293932,DUPUIS - BD SYLVAIN DUPUIS / SYLVAIN DUPUISLAAN 209-211-213,"50.837326, 4.293932",62.051770852,4.293932,50.837326000000004,5249222.62467,10115347.3161,POINT (4.293932 50.837326),-2176.986725832103,-4895.151218385545,3447.878238089236
323,208,50.832565,4.294311,MELBA - AV NELLIE MELBA (FACE 1 a 9) / NELLIE MELBALAAN (TEGENOVER 1 tot 9),"50.832565, 4.294311",72.1587172494,4.294311,50.832565,5249903.45701,10115401.5186,POINT (4.294311 50.832565),-2181.7713390857907,-4910.921909733356,3422.332657770819
324,100,50.838411,4.3730199999999995,GARE DE LUXEMBOURG/LUXEMBURGSTATION - RUE DE TREVES / TRIERSTRAAT,"50.838411, 4.37302",64.1335131941,4.3730199999999995,50.838411,5248852.33247,10122514.1105,POINT (4.37302 50.838411),-1782.1912124399778,-5048.313365633342,3453.6889907270865
325,37,50.83795,4.353019000000001,POELAERT - PLACE POELAERT/POELAERTPLEIN 3,"50.83795, 4.353019",64.669227351,4.353019000000001,50.83795,5248973.9003099995,10120702.5756,POINT (4.353019 50.83795),-1883.3590687599367,-5013.150314960813,3451.220586651628
326,71,50.815019,4.371982,LEGRAND - AV LOUISE/LOUIZALAAN 525,"50.815019, 4.371982",67.2092026481,4.371982,50.815019,5252205.38825,10122523.3096,POINT (4.371982 50.815019),-1813.9119162678396,-5121.226120504786,3327.5227396189243
327,120,50.832871999999995,4.37483,BLYCKAERTS - PLACE RAYMOND BLYCKAERTS/RAYMOND BLYCKAERTSPLEIN,"50.832872, 4.37483",61.3202421257,4.37483,50.832871999999995,5249640.448,10122702.7351,POINT (4.37483 50.832872),-1779.3591795798166,-5069.503676693148,3423.982240321886
328,331,50.842319,4.406295,GEORGES HENRI - AV GEORGES HENRI,"50.842319, 4.406295",71.58515543840001,4.406295,50.842319,5248198.534659999,10125513.4775,POINT (4.406295 50.842319),-1609.173577396235,-5091.901687047733,3474.5846668703093
329,185,50.835797,4.401599,PERE DE DEKEN/PATER DE DEKEN - RUE PÈRE DE DEKEN/ PATER DE DEKENSTRAAT 40,"50.835797, 4.401599",54.7699059658,4.401599,50.835797,5249145.84625,10125117.1721,POINT (4.401599 50.835797),-1639.96258910196,-5105.756197830764,3439.682740407715
330,334,50.855593,4.439625,MARCEL THIRY - AV MARCEL THIRY FACE 23,"50.855593, 4.439625",65.42609246,4.439625,50.855593,5246201.55191,10128473.521,POINT (4.439625 50.855593),-1426.0469134352609,-5097.829228930517,3545.1612591451258
331,214,50.816002000000005,4.295121,CAMPUS CERIA / CAMPUS VAN CERIA - AV EMILE GRYSON (FACE 6 a 10) / EMILE GRYSONLAAN (TEGENOVER 6 tot 10),"50.816002, 4.295121",64.0516170237,4.295121,50.816002000000005,5252273.6885400005,10115544.0477,POINT (4.295121 50.816002),-2200.4650570468843,-4963.831897671927,3332.8617469631654
332,101,50.869203999999996,4.291663,ZELLIK - CHAUSSEE DE ZELLIK 4,"50.869204, 4.291663",67.6554981801,4.291663,50.869203999999996,5244664.44598,10115009.0956,POINT (4.291663 50.869204),-2142.0937375182125,-4787.405135693511,3616.8809057557664
333,59,50.849681,4.375312,PLACE ST-JOSSE/ST-JOOSTPLEIN  -  RUE WILLEMS (FACE 5 - 11) / WILLEMSSTRAAT (TEGENOVER 5 - 11),"50.849681, 4.375312",72.3674245333,4.375312,50.849681,5247232.2432699995,10122672.0567,POINT (4.375312 50.849681),-1757.630607517756,-5015.332110746287,3513.8041303456225
334,17,50.855358,4.339465000000001,COMTE DE FLANDRE/GRAAF VAN VLAANDEREN - RUE SAINTE-MARIE / SINT-MARIASTRAAT,"50.855358, 4.339465",65.7226614057,4.339465000000001,50.855358,5246518.562580001,10119398.5356,POINT (4.339465 50.855358),-1928.9485856310937,-4930.461374470212,3543.9171814320257
335,242,50.803791,4.333321,MAISON COMMUNALE D'UCCLE/UKKEL GEMEENTEHUIS - PLACE JEAN VANDER ELST / JEAN VANDER ELST PLEIN,"50.803791, 4.333321",70.5791503184,4.333321,50.803791,5253920.57566,10119063.0919,POINT (4.333321 50.803791),-2024.1976420799672,-5081.679396613091,3266.3128165924204
336,173,50.864656,4.394448000000001,BICHON - PLACE BICHON / BICHONPLEIN,"50.864656, 4.394448",65.8663886407,4.394448000000001,50.864656,5245034.53825,10124339.2717,POINT (4.394448 50.864656),-1644.706241793714,-4997.499697062421,3592.990280541517
337,165,50.879668,4.33425,CIMETIERE DE JETTE / KERKHOF JETTE - BLD DE SMET DE NAEYER (FACE AU 322)/ DE SMET DE NAEYERSTRAAT (TEGENOVER 322),"50.879668, 4.33425",60.251589968000005,4.33425,50.879668,5243052.98161,10118821.6487,POINT (4.33425 50.879668),-1922.2533621118016,-4838.822736382476,3671.563364252056
338,215,50.836864,4.317321,CUREGHEM / KUREGEM - AV RAYMOND VANDER BRUGGEN / VANDEN BRUGGENLAAN,"50.836864, 4.317321",60.8126910815,4.317321,50.836864,5249226.55086,10117470.2117,POINT (4.317321 50.836864),-2062.521892862027,-4946.194934944413,3445.402749606361
339,360,50.841570000000004,4.46577,"STOCKEL/STOKKEL - AVENUE D'OPHEMLAAN, 1-3","50.84157, 4.46577",85.1274876709,4.46577,50.841570000000004,5248131.77095,10130908.6261,POINT (4.46577 50.84157),-1304.3009902134522,-5181.070066446397,3470.583941284426
340,352,50.814264,4.443479,ROUGE-CLOÎTRE - RUE DU ROUGE-CLOÎTRE (PARKING CENTRE D'ART) / ROOD-KLOOSTERSTRAAT (PARKING KUNSTENCENTRUM),"50.814264, 4.443479",64.1130886905,4.443479,50.814264,5252108.1966,10129014.7313,POINT (4.443479 50.814264),-1444.1043144245714,-5240.141594908292,3323.4198943817382
341,160,50.877501,4.380315,ELISA - PLACE PRINCESSE ELISABETH / PRINSES ELISABETHPLEIN 8 - 19,"50.877501, 4.380315",65.7374033112,4.380315,50.877501,5243235.95851,10123002.0119,POINT (4.380315 50.877501),-1699.9824753965954,-4929.717028883578,3660.271929581153
342,132,50.816338,4.433895,DEUX CHAUSSEES - CHEE DE TERVURENLAAN FACE/TEGENOVER 93A,"50.816338, 4.433895",71.53704598770001,4.433895,50.816338,5251839.263619999,10128135.4696,POINT (4.433895000000001 50.816338),-1492.3606498746474,-5219.42241815547,3334.6859389696397
343,222,50.817161999999996,4.280012,MERCKX - ROUTE DE LENNIK / LENNIKSEBAAN,"50.817162, 4.280012",78.9897554476,4.280012,50.817161999999996,5252147.2069,10114168.1086,POINT (4.280012 50.817162),-2273.5880300388294,-4926.506124772188,3339.1579585647455
344,77,50.827399,4.355281,PAUL JANSON - CHAUSSEE DE CHARLEROI/ CHARLEROISESTEENWEG 159,"50.827399, 4.355281",67.6222090507,4.355281,50.827399,5250478.64892,10120953.7087,POINT (4.355281 50.827399),-1884.6391204216843,-5051.234278109222,3394.5262782059262
345,91,50.867773,4.335217,BELGICA - PLACE WERRIE/ WERRIEPLEIN 24,"50.867773, 4.335217",60.9452905171,4.335217,50.867773,5244752.8795300005,10118960.2667,POINT (4.335217 50.867773),-1933.521823218204,-4880.93933191127,3609.3719117514784
346,10,50.841345000000004,4.351729,CHAPELLE/KAPEL - PLACE DE LA CHAPELLE/KAPELLEPLEIN,"50.841345, 4.351729",69.3739588173,4.351729,50.841345000000004,5248491.30885,10120570.8366,POINT (4.351729 50.841345),-1885.6787845673375,-4999.724678230091,3469.381740790378
347,364,50.880887,4.374248000000001,DOCKS BRUXSEL - AVENUE JULES VAN PRAETLAAN,"50.880887, 4.374248",80.5187830018,4.374248000000001,50.880887,5242768.3723,10122437.7132,POINT (4.374248 50.88088700000001),-1725.73828551298,-4907.592529723657,3677.907548065241
