,latitude,longitude,address,position,pm2.5,long_wgs84,lat_wgs84,E_utm,N_utm,geometry
72,50.812489,4.379203,FERMÉE-TRAVAUX STIB - ULB SOLBOSCH / VUB SOLBOSCH - AV. F.ROOSEVELT/F.ROOSEVELTLAAN 19,"50.812489, 4.379203",63.027657875,4.379203,50.812489,5252547.52739,10123189.8288,POINT (4.379203 50.812489)
207,50.833424,4.313378,BIESTEBROECK / BIESTEBROEK - CHEE DE MONS (FACE AU 518-526) / BERGENSESTEENWEG (TEGENOVER 518-526),"50.833424, 4.313378",78.8726802496,4.313378,50.833424,5249729.75985,10117127.1958,POINT (4.313378 50.833424)
297,50.804455,4.426369,TEN REUKEN - BD DU SOUVERAIN FACE 76,"50.804455, 4.426369",53.5807796005,4.426369,50.804455,5253563.37317,10127507.1661,POINT (4.426369 50.804455)
298,50.877037,4.300847,HALL DES SPORTS - AV DES 9 PROVINCES / 9 PROVINCIES LAAN / RUE VANDERVEKEN/STRAAT,"50.877037, 4.300847",80.3057668322,4.300847,50.877037,5243519.04565,10115808.214,POINT (4.300847 50.877037)
96,50.863875,4.358708,HOTEL PRESIDENT/PRESIDENT HOTEL - BOULEVARD DU ROI ALBERT II/KONING ALBERT-II LAAN,"50.863875, 4.358708",86.0404879895,4.358708,50.863875,5245246.46044,10121105.1034,POINT (4.358708 50.863875)
113,50.820042,4.374785,ABBAYE DE LA CAMBRE/ABDIJ TER KAMEREN - AVENUE EMILE DURAY (FACE AU N° 2) /EMILE DURAYLAAN (TEGENOVER N° 2),"50.820042, 4.374785",76.9910188843,4.374785,50.820042,5251478.06111,10122755.4369,POINT (4.374785 50.820042)
235,50.810085,4.324864,FOREST NATIONAL / VORST NATIONAAL - AV VICTOR ROUSSEAU DVT FOREST NATIONAL / VICTOR ROUSSEAU LAAN VOOR VORST NATIONAAL,"50.810085, 4.324864",79.5607523577,4.324864,50.810085,5253041.81848,10118268.4474,POINT (4.324864 50.810085)
36,50.845124,4.351486,PLACE ST JEAN/SINT-JANSPLEIN - RUE DU LOMBARD/LOMBARDSTRAAT 42,"50.845124, 4.351486",83.1785942079,4.351486,50.845124,5247950.87147,10120532.371,POINT (4.351486 50.845124)
240,50.81418,4.347721,VANDERKINDERE - AVENUE ALBERT/ALBERTLAAN N° 272,"50.81418, 4.347721",58.8756459072,4.347721,50.81418,5252392.87859,10120325.3116,POINT (4.347721 50.81418)
281,50.895485,4.341311,ATOMIUM - BOULEVARD DU CENTENAIRE / EEUWFEESTLAAN,"50.895485, 4.341311",71.5494850407,4.341311,50.895485,5240770.34444,10119392.7837,POINT (4.341311 50.895485)
228,50.816525,4.336212,ALTITUDE CENT / HOOGTE HONDERD - PLACE DE L'ALTITUDE 100 (FACE 31) / HOOGTE HONDERDPLEIN (TEGENOVER 31),"50.816525, 4.336212",68.5036702937,4.336212,50.816525,5252088.47931,10119270.7523,POINT (4.336212 50.816525)
253,50.872475,4.314266,REINE FABIOLA / KONINGIN FABIOLA - AV PIETER GODEFROY / PIETER GODEFROYLAAN,"50.872475, 4.314266",61.6665629739,4.314266,50.872475,5244136.31642,10117042.6234,POINT (4.314266 50.872475)
245,50.798988,4.375581,CHEE DE WATERLOO/WATERLOOSESTEENWEG 1050,"50.798988, 4.375581",76.9305985881,4.375581,50.798988,5254491.84947,10122920.9369,POINT (4.375581 50.798988)
333,50.856582,4.430988,TRACTEBEL - AV MARCEL THIRY FACE AU N°93,"50.856582, 4.430988",88.4424125238,4.430988,50.856582,5246085.21476,10127686.3625,POINT (4.430988 50.85658200000001)
95,50.87808,4.34793,PLACE BOCKSTAEL/BOCKSTAELPLAATS - BLD EMILE BOCKSTAEL/EMILE BOCKSTAELLAAN 254,"50.87808, 4.34793",76.777572239,4.34793,50.87808,5243242.94204,10120067.1427,POINT (4.34793 50.87808)
256,50.874767,4.308977,VAN OVERBEKE / AV VAN OVERBEKE / VAN OVERBEKELAAN,"50.874767, 4.308977",82.6625357478,4.308977,50.874767,5243822.36883,10116553.9659,POINT (4.308977 50.874767)
224,50.824352,4.334465,ROCHEFORT - AV. WIELEMANS CEUPPENS LAAN 184-190,"50.824352, 4.334465",66.8975586539,4.334465,50.824352,5250972.13398,10119078.5889,POINT (4.334465 50.824352)
16,50.835968,4.355508,LOUISE/LOUIZA - PLACE LOUISE/LOUIZAPLEIN 53,"50.835968, 4.355508",67.9958824949,4.355508,50.835968,5249250.85306,10120936.9118,POINT (4.355508 50.835968)
2,50.836151,4.326019,ELOY - RUE ELOY / ELOYSTRAAT,"50.836151, 4.326019",77.1657407476,4.326019,50.836151,5249305.2271,10118261.9988,POINT (4.326019 50.836151)
305,50.895592,4.387965,PETER BENOIT - PLACE PETER BENOIT PLAATS 2-4,"50.895592, 4.387965",60.5861371478,4.387965,50.895592,5240625.66335,10123613.9838,POINT (4.387965 50.895592)
98,50.85904,4.312402,CIMETIERE/KERKHOF - BLD METTEWIE/METTEWIELAAN 40 INTERSECTION CHAUSSÉE DE GAND/GENTSESTEENWEEG,"50.85904, 4.312402",69.1429609991,4.312402,50.85904,5246064.49238,10116930.5083,POINT (4.312402 50.85904)
166,50.876205,4.337137,GC ESSEGEM - RUE AMELIE GOMAND 51- 45,"50.876205, 4.337137",88.2752636484,4.337137,50.876205,5243540.76622,10119097.9302,POINT (4.337137 50.876205)
39,50.834237,4.350732,HOTEL DES MONNAIES/MUNTHOTEL - BLD DE WATERLOO- WATERLOOLAAN 93/94/95/96/98,"50.834237, 4.350732",60.9683429662,4.350732,50.834237,5249511.91022,10120511.3432,POINT (4.350732 50.834237)
88,50.873354,4.334311,WOESTE - AVENUE NOTRE DAME DE LOURDES / ONZE-LIEVE-VROUW VAN LOURDESLAAN,"50.873354, 4.334311",86.9757323843,4.334311,50.873354,5243956.50006,10118854.2564,POINT (4.334311 50.873354)
258,50.862152,4.323353,"FERMÉE - TRAVAUX DE VOIRIE - LIBERTE - AV DE LA LIBERTE, 44 / VRIJHEIDSLAAN,44","50.862152, 4.323353",85.7473585269,4.323353,50.862152,5245589.60741,10117909.5342,POINT (4.323353000000001 50.862152)
193,50.848866,4.320628,"GARE DE L'OUEST - CHEE DE NINOVE 207,209 / NINOOFSESTEENWEG 207,209","50.848866, 4.320628",64.5694833772,4.320628,50.848866,5247499.06306,10117719.0906,POINT (4.320628 50.848866)
233,50.813858,4.330992,PARC DUDEN / DUDEN PARK - AV VICTOR ROUSSEAU FACE 132 / VICTOR ROUSSEAULAAN VOOR 132,"50.813858, 4.330992",77.2854769087,4.330992,50.813858,5252484.71912,10118808.4922,POINT (4.330992 50.813858)
141,50.860652,4.358116,GARE DU NORD/NOORDSTATION - PLACE SIMON BOLIVAR/ SIMON BOLIVARLAAN,"50.860652, 4.358116",71.1402668045,4.358116,50.860652,5245709.46627,10121065.5509,POINT (4.358116 50.860652)
203,50.84045,4.305055,FERMÉE - DÉPLACEMENT STATION - DEMOSTHENE - BD PRINCE DE LIEGE / PRINS VAN LUIKLAAN 216-218-220,"50.84045, 4.305055",76.4428413975,4.305055,50.84045,5248745.80201,10116342.8451,POINT (4.305055 50.84045)
48,50.849358,4.363589,CONGRES - RUE ROYALE/KONINGSSTRAAT 144-146-148,"50.849358, 4.363589",61.2441039757,4.363589,50.849358,5247311.18479,10121610.9503,POINT (4.363589 50.849358)
327,50.874082,4.362205,SIBELGA - QUAI DES USINES / WERKHUIZENKAAI 16,"50.874082, 4.362205",80.8556710615,4.362205,50.874082,5243775.79836,10121377.1921,POINT (4.362205 50.874082)
103,50.834792,4.364115,ERNEST SOLVAY - RUE DE L'ARBRE BENIT/GEWIJDE BOOMSTRAAT 2-4-6,"50.834792, 4.364115",78.9811414735,4.364115,50.834792,5249395.40523,10121722.5637,POINT (4.364115 50.83479200000001)
30,50.853666,4.351771,LAEKEN/LAKEN - RUE DE LAEKEN (ENTRE N° 119 ET 109) / LAKENSESTRAAT (TUSSEN N° 119 EN 109),"50.853666, 4.351771",65.3059061944,4.351771,50.853666,5246727.08197,10120521.0579,POINT (4.351771 50.853666)
169,50.877125,4.387515,GEORGES EEKHOUD - AVENUE GEORGES EEKHOUD/GEORGES EEKHOUDLAAN 56,"50.877125, 4.387515",85.8128491799,4.387515,50.877125,5243269.50433,10123655.614,POINT (4.387515 50.877125)
84,50.85896,4.330107,STE ANNE/SINT-ANNA  -  RUE DE L'EGLISE STE ANNE/SINT-ANNAKERKSTRAAT 116,"50.85896, 4.330107",85.3564679043,4.330107,50.85896,5246028.32277,10118535.0978,POINT (4.330107 50.85896)
259,50.859608,4.33409,NOVILLE - SQ NOVILLE,"50.859608, 4.33409",75.9632200282,4.33409,50.859608,5245924.75504,10118893.2137,POINT (4.33409 50.859608)
62,50.84177,4.38418,CORTENBERGH / KORTENBERG - AVENUE D'AUDERGHEM 1 - 9 /OUDERGHEMLAAN 1-9,"50.84177, 4.38418",67.475269297,4.38418,50.84177,5248340.00742,10123511.0393,POINT (4.38418 50.84177)
275,50.896278,4.372427,VERSAILLES - AVENUE DE VERSAILLES / VERSAILLESLAAN 125,"50.896278, 4.372427",48.3707316667,4.372427,50.896278,5240571.0879,10122204.9659,POINT (4.372427 50.896278)
174,50.853947,4.31635,MENNEKENS - AVENUE BRIGADE PIRON (FACE AUX 80 - 82 - 84)/ BRIGADE PIRONLAAN (TEGENOVER 80 - 82 - 84),"50.853947, 4.31635",80.2301821824,4.31635,50.853947,5246783.07327,10117309.8034,POINT (4.31635 50.853947)
354,50.821557,4.402288,TRIOMPHE - BD DU TRIOMPHE / TRIOMFLAAN  105 - 107,"50.821557, 4.402288",70.7502212608,4.402288,50.821557,5251183.18418,10125243.9277,POINT (4.402288 50.821557)
69,50.827577,4.363797,LESBROUSSART - AVENUE LOUISE/LOUIZALAAN 192,"50.827577, 4.363797",75.8165504817,4.363797,50.827577,5250429.5501,10121725.399,POINT (4.363797 50.827577)
60,50.856714,4.362106,ST-LAZARE/SINT-LAZARUS   -   BLD SAINT-LAZARE/SINT-LAZARUSLAAN 4 -10,"50.856714, 4.362106",67.5753996258,4.362106,50.856714,5246262.1662,10121444.3029,POINT (4.362106 50.856714)
310,50.88058,4.401674,SAINT VINCENT / SINT-VINCENTIUS - RUE STROOBANTS/STROOBANTSSTRAAT,"50.88058, 4.401674",63.0527347267,4.401674,50.88058,5242734.89908,10124922.0793,POINT (4.401674 50.88058)
261,50.86879,4.399587,CONSCIENCE - AVENUE HENRI CONSCIENCE / HENRI CONSCIENCELAAN 83,"50.86879, 4.399587",68.7891225744,4.399587,50.86879,5244428.21036,10124786.1842,POINT (4.399587 50.86879)
277,50.881588,4.373817,VAN PRAET - AVENUE VAN PRAET / VAN PRAETLAAN,"50.881588, 4.373817",91.3705713807,4.373817,50.881588,5242669.2571,10122395.597,POINT (4.373817 50.881588)
326,50.809406,4.443777,ADEPS - CHEE DE WAVRE / WAVERSESTEENWEG 2057,"50.809406, 4.443777",77.1143133982,4.443777,50.809406,5252803.166,10129064.3603,POINT (4.443777 50.809406)
97,50.858058,4.318689,KARREVELD - CHAUSSEE DE GAND/ GENTSESTEENWEG 1-3,"50.858058, 4.318689",71.6928034532,4.318689,50.858058,5246188.23958,10117504.3406,POINT (4.318689 50.85805800000001)
26,50.839413,4.328914,VAN LINT - RUE VAN LINT/ VAN LINTSTRAAT 6 - 8,"50.839413, 4.328914",77.6106889508,4.328914,50.839413,5248830.27089,10118510.5746,POINT (4.328914 50.839413)
243,50.811752,4.353424,RONDPOINT CHURCHILL/ROTONDE CHURCHILL - AV MESSIDOR FACE 338/MESSIDORLAAN TEGENOVER 338,"50.811752, 4.353424",85.5014569162,4.353424,50.811752,5252724.96971,10120853.4509,POINT (4.353424 50.811752)
320,50.887001,4.310701,UZ BRUSSEL - AVENUE DE L'ARBRE BALLON / DIKKE-BEUKLAAN,"50.887001, 4.310701",62.1752820128,4.310701,50.887001,5242066.86609,10116658.5469,POINT (4.310701 50.887001)
177,50.849409,4.389263,CHASSEURS ARDENNAIS/ARDENSE JAGERSPLEIN - RUE DU NOYER 81-87 /NOTELAARSSTRAAT 81-87,"50.849409, 4.389263",80.4023501608,4.389263,50.849409,5247231.91058,10123937.7166,POINT (4.389263 50.849409)
184,50.831592,4.385786,PHILIPPE BAUCQ - RUE PHILIPPE BAUCQ / PHILIPPE BAUCQSTRAAT 32 - 38,"50.831592, 4.385786",68.5836527335,4.385786,50.831592,5249792.92547,10123702.0318,POINT (4.385786 50.831592)
52,50.859212,4.34551,SAINCTELETTE - PLACE SAINCTELETTE/SAINCTELETTEPLEIN,"50.859212, 4.34551",64.7828728511,4.34551,50.859212,5245950.29791,10119929.653,POINT (4.34551 50.859212)
47,50.854714,4.347151,LES QUAIS/KAAIEN - QUAI A LA CHAUX/KALKKAAI 1-2,"50.854714, 4.347151",62.7583762459,4.347151,50.854714,5246589.73859,10120097.8302,POINT (4.347151 50.854714)
143,50.857218,4.407879,RTL  - CHAUSSEE DE LOUVAIN (DVT 770)/ LEUVENSE STEENWEG (N° 770),"50.857218, 4.407879",57.4199192507,4.407879,50.857218,5246060.94992,10125589.5953,POINT (4.407879 50.857218)
167,50.869032,4.309731,CHARLES V/KAREL V - AVENUE CHARLES QUINT/KEIZER KARELLAAN 129-131,"50.869032, 4.309731",71.0529137571,4.309731,50.869032,5244641.2472,10116646.3996,POINT (4.309731 50.869032)
137,50.86661,4.373102,MAISON COMMUNALE DE SCHAERBEEK / SCHAARBEEK GEMEENTEHUIS - RUE ROYALE SAINTE MARIE/KONINKLIJKE SINTE-MARIASTRAAT 241-243-245,"50.86661, 4.373102",45.552062742,4.373102,50.86661,5244814.95571,10122396.9863,POINT (4.373102 50.86661)
226,50.819939,4.325277,UNION/UNIE - BD DE LA DEUXIEME ARMEE BRITANNIQUE / BRITS TWEEDELEGERLAAN 8 - 2,"50.819939, 4.325277",79.7970072921,4.325277,50.819939,5251629.14008,10118263.8782,POINT (4.325277 50.819939)
146,50.859243,4.401022,LEOPOLD III -  BOULEVARD LEOPOLD III / LEOPOLD III-LAAN,"50.859243, 4.401022",71.9299716552,4.401022,50.859243,5245790.67483,10124959.168,POINT (4.401022 50.859243)
76,50.825749,4.345165,PLACE VAN MEENEN/VAN MEENENPLEIN - AV PAUL DEJAER (FACE 35 - 39) / PAUL DEJAERLAAN (TEGENOVER 35 - 39),"50.825749, 4.345165",86.9113598225,4.345165,50.825749,5250742.81425,10120043.2408,POINT (4.345165 50.825749)
85,50.8572655241,4.33236837869,ETANGS NOIRS /ZWARTE VIJVERS - CHEE DE GAND/STEENWEG OP GENT,"50.8572655241, 4.33236837869",81.6161554528,4.33236837869,50.8572655241,5246264.77664,10118747.2615,POINT (4.33236837869 50.8572655241)
350,50.848184,4.425621,VERHEYLEWEGHEN - PLACE VERHEYLEWEGHEN DVT LES N°32-34,"50.848184, 4.425621",72.3877267642,4.425621,50.848184,5247303.07189,10127238.5803,POINT (4.425621 50.848184)
21,50.851919,4.352776,FERMÉE - TRAVAUX DE VOIRIE - DE BROUCKERE - PLACE DE BROUCKERE/DE BROUCKEREPLEIN,"50.851919, 4.352776",92.9415052349,4.352776,50.851919,5246974.43008,10120619.7381,POINT (4.352776 50.851919)
34,50.84563,4.346942,FERMÉE - TRAVAUX - FONTAINAS - BLD ANSPACH N°180 A 192/ANSPACHLAAN N°180 TOT 192,"50.84563, 4.346942",77.0884917602,4.346942,50.84563,5247890.90962,10120118.2545,POINT (4.346942 50.84563)
260,50.86702,4.406995,TRITON - AVENUE DES ANCIENS COMBATTANTS - PISCINE / OUD-STRIJDERSLAAN - ZWEMBAD,"50.86702, 4.406995",76.4300580715,4.406995,50.86702,5244660.40051,10125465.1449,POINT (4.406995 50.86702)
139,50.863872,4.366741,LIEDTS - PLACE LIEDTS (FACE AU 38)/ LIEDTSPLEIN (TEGENOVER 38),"50.863872, 4.366741",79.7640361795,4.366741,50.863872,5245224.61074,10121832.8322,POINT (4.366741 50.863872)
29,50.856584,4.352877,BAUDOUIN/BOUDEWIJN - RUE DE LAEKEN / LAKENSESTRAAT,"50.856584, 4.352877",62.3772719606,4.352877,50.856584,5246306.28413,10120608.5899,POINT (4.352877 50.85658400000001)
73,50.823898,4.367752,VLEURGAT - AVENUE LOUISE/LOUIZALAAN 300,"50.823898, 4.367752",71.3257727816,4.367752,50.823898,5250945.44471,10122100.3455,POINT (4.367752 50.823898)
220,50.825706,4.288377,LUTHER KING - BD MAURICE CAREME 30 / MAURICE CAREMELAAN 30,"50.825706, 4.288377",64.209227948,4.288377,50.825706,5250901.45279,10114891.7679,POINT (4.288377 50.825706)
223,50.824055,4.326376,FERMÉE - EN RÉPARATION - WIELS - AV.WIELEMANS CEUPPENS/LAAN 7,"50.824055, 4.326376",89.8197887679,4.326376,50.824055,5251036.619,10118346.0183,POINT (4.326376 50.824055)
349,50.833444,4.334857,FONSNY - AVENUE FONSNY EN FACE DES DEBOUCHES DES RUES COENRAETS ET J. CLAES,"50.833444, 4.334857",70.4835110445,4.334857,50.833444,5249668.92362,10119075.0823,POINT (4.334857 50.833444)
152,50.852389,4.387373,PLACE DAILLY / DAILLYPLEIN - PLACE DAILLY / DAILLYPLEIN 24 - 25,"50.852389, 4.387373",72.3600032368,4.387373,50.852389,5246810.61528,10123753.116,POINT (4.387373 50.852389)
237,50.827972,4.330705,PARVIS ST ANTOINE / ST ANTONIUS VOORPLEIN - RUE DE MERODE/MERODESTRAAT 290,"50.827972, 4.330705",58.2540208372,4.330705,50.827972,5250463.87861,10118721.9719,POINT (4.330705 50.827972)
191,50.853973,4.38374,ARTAN - RUE CLAYS,"50.853973, 4.38374",80.0827003231,4.38374,50.853973,5246594.09471,10123416.8221,POINT (4.38374 50.853973)
216,50.828873,4.303918,ARISTIDE BRIAND - CH DE MONS 718 a 720 / BERGENSESTEENWEG 718 tot 720,"50.828873, 4.303918",75.3109547828,4.303918,50.828873,5250406.78058,10116288.3395,POINT (4.303918 50.828873)
23,50.846331,4.355193,AGORA - PLACE AGORA/AGORAPLEIN 120,"50.846331, 4.355193",73.7024580651,4.355193,50.846331,5247767.83052,10120863.1544,POINT (4.355193 50.846331)
321,50.884251,4.330287,FERMÉE - SACRE-CŒUR DE JETTE/HEILIGE HART VAN JETTE - AVENUE DU SACREE CŒUR FACE 71 A 79/HEILIGE HARTLAAN VOOR 71 TOT 79,"50.884251, 4.330287",93.6568443297,4.330287,50.884251,5242407.82957,10118443.2311,POINT (4.330287 50.884251)
246,50.796471,4.328415,GATTI DE GAMMOND - RUE DE STALLE PROLONGEE/STALLE STRAAT 160,"50.796471, 4.328415",62.7285828051,4.328415,50.796471,5254982.69057,10118649.0203,POINT (4.328415 50.796471)
230,50.818382,4.346061,BERKENDAEL / BERKENDAAL - AVENUE ALBERT / ALBERTLAAN 134,"50.818382, 4.346061",68.670324345,4.346061,50.818382,5251795.53637,10120156.4493,POINT (4.346061 50.818382)
189,50.836924,4.389073,PLACE VAN MEYEL/VAN MEYELPLEIN,"50.836924, 4.389073",74.1478617835,4.389073,50.836924,5249020.08432,10123976.2995,POINT (4.389073 50.836924)
55,50.853248,4.366188,BOTANIQUE/KRUIDTUIN - AVENUE GALILEE/GALILEELAAN,"50.853248, 4.366188",81.1898640724,4.366188,50.853248,5246747.02989,10121829.4196,POINT (4.366188 50.85324800000001)
311,50.818456,4.40349,DELTA - BD DES INVALIDES / INVALIDENLAAN,"50.818456, 4.40349",69.1858828577,4.40349,50.818456,5251623.89157,10125366.9902,POINT (4.40349 50.818456)
133,50.866795,4.3092224,CHATEAU-KASTEEL - AVENUE DU CHÂTEAU/KASTEELLAAN,"50.866795, 4.3092224",73.579720196,4.3092224,50.866795,5244962.81614,10116609.7491,POINT (4.3092224 50.866795)
282,50.890522,4.345112,CENTENAIRE / EEUWFEEST - BOULEVARD DU CENTENAIRE / EEUWFEESTLAAN,"50.890522, 4.345112",76.3165812768,4.345112,50.890522,5241470.12329,10119758.1913,POINT (4.345112 50.890522)
134,50.862652,4.316644,BASTOGNE/BASTENAKEN - PLACE DE BASTOGNE/BASTENAKENPLEIN,"50.862652, 4.316644",68.175690578,4.316644,50.862652,5245536.05602,10117299.5819,POINT (4.316644 50.862652)
33,50.848701,4.356055,MORT SUBITE - RUE MONTAGNE AUX-HERBES-POTAGERES (FACE N° 7)/WARMOESBERG (TEGENOVER N°7),"50.848701, 4.356055",74.5192949252,4.356055,50.848701,5247426.11686,10120930.9525,POINT (4.356055 50.84870100000001)
252,50.802563,4.315701,BEMPT - CH DE NEERSTALLE DEVANT 333-335-337 / NEERSTALLESESTEENWEG 333-335-337,"50.802563, 4.315701",67.8222755921,4.315701,50.802563,5254144.15473,10117468.6253,POINT (4.315701000000001 50.802563)
238,50.820278,4.330802,UNION SAINT-GILLOISE / SINT-GILLIS UNIE - CH DE BRUXELLES 366-362 / BRUSSELSESTEENWEG 366-362,"50.820278, 4.330802",95.7730669553,4.330802,50.820278,5251565.61671,10118763.7364,POINT (4.330802 50.82027800000001)
79,50.84413,4.374871,LOI/WET - RUE D'ARLON/STRAAT 120,"50.84413, 4.374871",67.0772180219,4.374871,50.84413,5248028.2552,10122656.6416,POINT (4.374871 50.84413)
236,50.812328,4.318885,MAISON COMMUNALE DE FOREST / VORST GEMEENTEHUIS - RUE SAINT DENIS 4 / SINT DENIJSSTRAAT 4,"50.812328, 4.318885",61.3296155598,4.318885,50.812328,5252736.62391,10117716.2224,POINT (4.318885 50.812328)
318,50.880539,4.32823,CARDINAL MERCIER / KARDINAAL MERCIER - PLACE CARDINAL MERCIER / KARDINAAL MERCIER PLEIN 6,"50.880539, 4.32823",73.878624965,4.32823,50.880539,5242944.62429,10118272.8626,POINT (4.32823 50.880539)
329,50.847617,4.436084,FERMÉE-TRAVAUX DE VOIRIE - AV PAUL HYMANS FACE À L'ARRÊT METRO ROODEBEEK,"50.847617, 4.436084",67.9098923457,4.436084,50.847617,5247353.75576,10128189.5152,POINT (4.436084 50.84761700000001)
308,50.872265,4.352158,TIVOLI - RUE DE MOLENBEEK CROISEMENT RUE DE WAUTIER/ KRUISPUNT MOLENBEEKSTRAAT-DE WAUTIERSTRAAT,"50.872265, 4.352158",77.1766881104,4.352158,50.872265,5244063.5997,10120475.2505,POINT (4.352158 50.872265)
328,50.849988,4.417064,HEYDENBERG - AV HEYDENBERG FACE 99-101,"50.849988, 4.417064",58.747159598,4.417064,50.849988,5247069.57018,10126454.784,POINT (4.417064 50.849988)
346,50.81591,4.2737,RECHERCHE - ROUTE DE LENNIK N°788,"50.81591, 4.2737",84.4929743875,4.2737,50.81591,5252342.99934,10113600.4414,POINT (4.2737 50.81591)
335,50.854231,4.444034,THIRY - BD DE LA WOLUWE DVT 100,"50.854231, 4.444034",64.9384285121,4.444034,50.854231,5246383.58166,10128879.348,POINT (4.444034 50.854231)
110,50.826992,4.382379,RODIN - AVENUE DE LA COURONNE (DEVANT 145 D) / KROONLAAN (N° 145 D),"50.826992, 4.382379",83.7300167686,4.382379,50.826992,5250461.30988,10123413.5112,POINT (4.382379 50.826992)
5,50.848893,4.349396,BOURSE / BEURS - RUE PAUL DEVAUX/PAUL DEVAUXSTRAAT,"50.848893, 4.349396",56.8320623285,4.349396,50.848893,5247416.97367,10120326.5446,POINT (4.349396 50.848893)
234,50.809799,4.317546,ST DENIS / ST DENIJS - PLACE ST DENIS FACE 68 / ST DENIJSPLAATS VOOR 68,"50.809799, 4.317546",70.6516892842,4.317546,50.809799,5253102.5212,10117605.4262,POINT (4.317546 50.809799)
197,50.848255,4.314854,DE SMET - PLACE HENRI DE SMET / HENRI DE SMETPLEIN,"50.848255, 4.314854",70.0888006736,4.314854,50.848255,5247602.04457,10117198.3036,POINT (4.314854 50.848255)
22,50.855969,4.355657,JACQMAIN - BLD. D'ANVERS / ANTWERPSELAAN 4,"50.855969, 4.355657",54.5192404776,4.355657,50.855969,5246386.66313,10120863.1812,POINT (4.355657 50.855969)
151,50.853518,4.392491,LOUVAIN / LEUVEN - CHAUSSEE DE LOUVAIN - LEUVENSESTEENWEG  488-494,"50.853518, 4.392491",82.2326195463,4.392491,50.853518,5246634.49866,10124211.879,POINT (4.392491 50.853518)
291,50.804661,4.327886,DECROLY - RUE GATTI DE GAMMOND / GATTI DE GAMMOND STRAAT,"50.804661, 4.327886",94.9372855704,4.327886,50.804661,5253810.69438,10118565.9445,POINT (4.327886 50.804661)
219,50.829491,4.286006,VAN HELLEMONT - RUE DE NEERPEDE 372-374 / NEERPEDESTRAAT 372-374 (FERMEE SUITE ACCIDENT),"50.829491, 4.286006",82.6864804786,4.286006,50.829491,5250365.55958,10114661.0009,POINT (4.286006 50.829491)
78,50.823699,4.351623,DUC PETIAUX - CHAUSSEE DE WATERLOO/ WATERLOOSESTEENWEG 376 - 370,"50.823699, 4.351623",77.4033087035,4.351623,50.823699,5251018.66854,10120637.996,POINT (4.351623 50.823699)
254,50.867393,4.320344,BASILIQUE / BASILIEK - AV JACQUES SERMON / JACUES SERMONLAAN,"50.867393, 4.320344",80.3006708206,4.320344,50.867393,5244847.45904,10117614.6654,POINT (4.320344 50.867393)
336,50.848578,4.459038,KRAAINEM - AV DE WEZEMBEEK 7A,"50.848578, 4.459038",79.0408366332,4.459038,50.848578,5247148.5008,10130265.4494,POINT (4.459038 50.848578)
102,50.83579,4.375782,MUSEUM - CHAUSSEE DE WAVRE (FACE 229 - 233)  /  WAVERSESTEENWEG (TEGENOVER 229 - 233),"50.83579, 4.375782",60.8355051621,4.375782,50.83579,5249219.9153,10122776.1504,POINT (4.375782 50.83579)
279,50.890181,4.336962,HOUBA BRUGMANN - AVENUE HOUBA DE STROOPER / HOUBA DE STROOPERLAAN,"50.890181, 4.336962",79.4089913448,4.336962,50.890181,5241541.13394,10119022.024,POINT (4.336962 50.890181)
117,50.816029,4.391006,CIMETIERE D'IXELLES / BEGRAAFPLAATS VAN ELSENE - AVENUE DE LA COURONNE/KROONLAAN 449,"50.816029, 4.391006",61.7030344539,4.391006,50.816029,5252007.10072,10124245.141,POINT (4.391006 50.816029)
188,50.857235,4.324354,OSSEGHEM -  AVENUE MAHATMA GANDHI/ MAHATMA GANDHILAAN 10,"50.857235, 4.324354",55.6351523857,4.324354,50.857235,5246290.82115,10118021.169,POINT (4.324354 50.857235)
362,50.872501,4.290218,GARE BERCHEM ST AGATHE/ST AGATA BERCHEM STATION - RUE BOIS DES ÎLES/EILANDENHOUTSTRAAT 1-15,"50.872501, 4.290218",70.9311160066,4.290218,50.872501,5244196.30605,10114864.5299,POINT (4.290218 50.872501)
200,50.843967,4.313537,VETERANS COLONIAUX / KOLONIALE VETERANEN - BD JULES GRAINDOR / JULES GRAINDORLAAN,"50.843967, 4.313537",79.8724751456,4.313537,50.843967,5248219.5564,10117097.0471,POINT (4.313537 50.843967)
199,50.843693,4.304986,FERMÉE - DÉPLACEMENT STATIONHENRI REY - BD FELIX PAULSEN / FELIX PAULSENLAAN 3-5-7-9,"50.843693, 4.304986",85.507360565,4.304986,50.843693,5248281.59985,10116322.97,POINT (4.304986 50.843693)
83,50.86284,4.33126,SIMONIS / BD LEOPOLD II (DEVANT 282)/ LEOPOLD II-LAAN (N° 282),"50.86284, 4.33126",73.9616451467,4.33126,50.86284,5245469.75669,10118622.9575,POINT (4.33126 50.86284)
344,50.830179,4.337958,BETHLEEM - PLACE BETHLEEM,"50.830179, 4.337958",54.8618918342,4.337958,50.830179,5250128.06476,10119370.376,POINT (4.337958 50.830179)
255,50.868011,4.313968,"SACRE-COEUR DE GANSHOREN / HEILIGE HART VAN GANSHOREN - AV CHARLESQUINT,9 / KEISERKARELLAAN,9","50.868011, 4.313968",68.9461574578,4.313968,50.868011,5244776.08574,10117034.4947,POINT (4.313968000000001 50.868011)
358,50.82708,4.444795,MADOUX - AVENUE DE TERVUREN FACE 403,"50.82708, 4.444795",81.5101077422,4.444795,50.82708,5250268.81726,10129074.5331,POINT (4.444795 50.82708000000001)
301,50.806271,4.387673,MARIE-JOSE - PLACE MARIE-JOSE FACE 6 / MARIE-JOSE PLAATS VOOR 6,"50.806271, 4.387673",77.6481734864,4.387673,50.806271,5253414.349,10123986.307,POINT (4.387673000000001 50.806271)
148,50.855629,4.394807,GARE MEISER / MEISER STATION - AVENUE ROGIER/ ROGIERLAAN 377 - 379,"50.855629, 4.394807",72.781853626,4.394807,50.855629,5246325.7173,10124412.2866,POINT (4.394807 50.85562900000001)
80,50.814852,4.376794,"CERES - AV. F. ROOSEVELT/F. ROOSEVELTLAAN, 14","50.814852, 4.376794",72.0930478377,4.376794,50.814852,5252215.81691,10122960.7237,POINT (4.376794 50.814852)
31,50.850303,4.360706,MUSEE DE LA BD/STRIPMUSEUM - BOULEVARD PACHECO/PACHECOLAAN,"50.850303, 4.360706",52.7749660718,4.360706,50.850303,5247183.88418,10121345.5056,POINT (4.360706 50.850303)
19,50.827955,4.347791,PLACE MORICHAR / MORICHARPLEIN - RUE DES ETUDIANTS/ STUDENTENSTRAAT 32 - 34,"50.827955, 4.347791",64.462857676,4.347791,50.827955,5250419.65897,10120271.886,POINT (4.347791 50.827955)
107,50.827652,4.359031,DEFACQZ - RUE DEFACQZ/ DEFACQZSTRAAT 25-27-29,"50.827652, 4.359031",63.4219650863,4.359031,50.827652,5250432.03807,10121292.7587,POINT (4.359031 50.827652)
86,50.876195,4.324477,MAISON COMMUNALE DE JETTE / JETTE GEMEENTEHUIS - CHAUSSEE DE WEMMEL/WEMMELSESTEENWEG 102,"50.876195, 4.324477",85.2104830656,4.324477,50.876195,5243576.46681,10117951.5606,POINT (4.324477 50.876195)
269,50.860859,4.421375,CICERON - CHAUSSE DE LOUVAIN / LEUVENSESTEENWEG1166,"50.860859, 4.421375",78.4134348602,4.421375,50.860859,5245500.88585,10126795.7902,POINT (4.421375 50.860859)
28,50.842005,4.3305,CLEMENCEAU - CHEE DE MONS/ BERGENSE STEENWEG 159-161-163,"50.842005, 4.3305",74.4471212377,4.3305,50.842005,5248454.81038,10118643.2827,POINT (4.3305 50.842005)
99,50.864992,4.338431,JUBILE - BOULEVARD DU JUBILE/ JUBELFEESTLAAN 79,"50.864992, 4.338431",85.4892212167,4.338431,50.864992,5245142.21853,10119263.3619,POINT (4.338431 50.864992)
213,50.821018,4.293865,LA ROUE / HET RAD - CH DE MONS 1100-1106 / BERGENSESTEENWEG 1100-1106,"50.821018, 4.293865",63.5558973763,4.293865,50.821018,5251558.48992,10115409.1663,POINT (4.293865 50.821018)
266,50.877552,4.409136,GARE BORDET / BORDET STATION - CHAUSSEE D'HAECHT FACE 1147 / HAACHTSESTEENWEG VOOR 1147,"50.877552, 4.409136",53.5564693539,4.409136,50.877552,5243146.90602,10125611.3547,POINT (4.409136 50.87755200000001)
288,50.802711,4.358842,HOUZEAU - AVENUE HOUZEAU 10 / HOUZEAULAAN 10,"50.802711, 4.358842",79.4480830286,4.358842,50.802711,5254005.17774,10121384.7539,POINT (4.358842 50.802711)
147,50.861874,4.372146,EMILE MAX LYCEE/LYCEUM EMILE MAX - CHAUSSEE D'HAECHT/ HAACHTSESTEENWEG 226 - 230,"50.861874, 4.372146",84.8564642506,4.372146,50.861874,5245495.55176,10122331.289,POINT (4.372146 50.861874)
345,50.802675,4.412073,3 TILLEULS - AV DES ORTOLANS 2,"50.802675, 4.412073",69.1875356347,4.412073,50.802675,5253859.78617,10126217.5174,POINT (4.412073 50.802675)
119,50.82559,4.379555,PAQUOT -  RUE JEAN PAQUOT (44 A 48) /JEAN PAQUOTSTRAAT (44 T.E.M 48),"50.82559, 4.379555",61.452211193,4.379555,50.82559,5250670.05253,10123163.5791,POINT (4.379555 50.82559)
317,50.819546,4.421198,GEYSKENS - AVENUE ISIDORE GEYSKENSLAAN FACE/TEGENOVER 108,"50.819546, 4.421198",67.074923526,4.421198,50.819546,5251416.76158,10126968.6914,POINT (4.421198 50.819546)
89,50.8711927451,4.32992476564,ATHENEE DE JETTE/ATHENEUM VAN JETTE - AVENUE DE LEVIS MIREPOIX / DE LEVIS MIREPOIXLAAN 100,"50.8711927451, 4.32992476564",83.2225262497,4.32992476564,50.8711927451,5244277.73312,10118466.2677,POINT (4.32992476564 50.8711927451)
225,50.821117,4.342008,PLACE ALBERT/PLEIN - PLACE ALBERT / ALBERTPLEIN,"50.821117, 4.342008",63.5907686972,4.342008,50.821117,5251414.89801,10119776.8672,POINT (4.342008 50.821117)
247,50.79586,4.32058,STALLE - RUE DE STALLE PROLONGEE/VERLENGDE STALLESTRAAT,"50.79586, 4.32058",91.9293145192,4.32058,50.79586,5255091.42973,10117940.1174,POINT (4.32058 50.79586)
131,50.81329,4.434751,JARDIN MASSART - AV HERMANN DEBROUXLAAN,"50.81329, 4.434751",68.8844873755,4.434751,50.81329,5252273.33238,10128227.2229,POINT (4.434751 50.81329)
58,50.859181,4.35942,GARE DU NORD/NOORDSTATION - PLACE DU NORD / NOORDPLAATS,"50.859181, 4.35942",78.3377184785,4.35942,50.859181,5245916.43835,10121190.1268,POINT (4.35942 50.859181)
355,50.837714,4.369117,PARNASSE - RUE DU TRONE N°66 (CLOS PARNASSE),"50.837714, 4.369117",75.2367904404,4.369117,50.837714,5248963.04457,10122163.2893,POINT (4.369117 50.837714)
66,50.843359,4.379946,SCHUMAN - RUE DE LA LOI 170,"50.843359, 4.379946",74.4357256836,4.379946,50.843359,5248124.40847,10123120.1286,POINT (4.379946 50.843359)
264,50.870983,4.397506,NOTRE DAME / ONZE LIEVE VROUW - AV NOTRE DAME 53 A 61 / ONZE LIEVE VROUWLAAN 53 TOT 61,"50.870983, 4.397506",67.6734947167,4.397506,50.870983,5244120.25159,10124587.8502,POINT (4.397506 50.870983)
182,50.83168,4.404769,BOILEAU - BOULEVARD SAINT MICHEL / SINT-MICHIELSLAAN,"50.83168, 4.404769",77.0316701149,4.404769,50.83168,5249726.33251,10125423.2338,POINT (4.404769 50.83168)
93,50.85062,4.381152,CLOVIS - CHAUSSEE DE LOUVAIN - LEUVENSESTEENWEG 260-264,"50.85062, 4.381152",74.8199191123,4.381152,50.85062,5247081.41412,10123197.1929,POINT (4.381152 50.85062)
116,50.818253,4.395749,ULB PLAINE - BOULEVARD DE LA PLAINE  (ENTREE ULB) / PLEINLAAN (INGANG VUB),"50.818253, 4.395749",73.0198705199,4.395749,50.818253,5251675.06711,10124665.5343,POINT (4.395749 50.818253)
9,50.844045,4.345048,ANNEESSENS - BLD MAURICE LEMONNIER/MAURICE LEMONNIERLAAN 42-44-46,"50.844045, 4.345048",75.3200530245,4.345048,50.844045,5248123.05173,10119953.4216,POINT (4.345048 50.844045)
138,50.865218,4.377735,HOUFFALIZE - PLACE DE HOUFFALIZE /HOUFFALIZEPLEIN 58,"50.865218, 4.377735",67.5403061262,4.377735,50.865218,5245001.23797,10122822.8145,POINT (4.377735 50.865218)
218,50.845928,4.323812,DELACROIX - RUE LEON DELACROIX 1 a 7 / LEON DELACROIXSTRAAT 1 tot 7,"50.845928, 4.323812",83.6651037068,4.323812,50.845928,5247911.16054,10118020.2102,POINT (4.323812 50.845928)
244,50.81218,4.368321,BOIS DE LA CAMBRE - AV WINSTON CHURCHIL 254 / WINSTON CHURCHILLAAN 254,"50.81218, 4.368321",81.7813531621,4.368321,50.81218,5252622.2931,10122203.5944,POINT (4.368321 50.81218)
159,50.869297,4.36257,MASUI - AVENUE DE LA REINE / KONINGINNELAAN 153,"50.869297, 4.36257",76.7812260557,4.36257,50.869297,5244459.66197,10121431.2087,POINT (4.36257 50.869297)
186,50.861783,4.302607,GENOT - CHAUSSEE DE GAND DEVANT 1033,"50.861783, 4.302607",67.5176445948,4.302607,50.861783,5245697.87658,10116031.4813,POINT (4.302607 50.861783)
27,50.838733,4.32176,SQUARE ALBERT I / ALBERT I-SQUARE 25 - 26 - 27,"50.838733, 4.32176",71.3841189542,4.32176,50.838733,5248946.96769,10117864.7954,POINT (4.32176 50.838733)
150,50.854654,4.398451,MEISER - PLACE GENERAL MEISER (FACE 1 - 3) / GENERAAL MEISERPLEIN (TEGENOVER 1 - 3),"50.854654, 4.398451",79.9387593446,4.398451,50.854654,5246454.93402,10124746.8709,POINT (4.398451 50.854654)
181,50.835723,4.394395,LOUIS TITZ - AVENUE DE LA CHASSE/ JACHTLAAN 182 - 184,"50.835723, 4.394395",88.2140044831,4.394395,50.835723,5249176.9679,10124464.2606,POINT (4.394395 50.835723)
273,50.854824,4.306209,TAMARIS - BD METTEWIE LAAN VOOR/FACE 71,"50.854824, 4.306209",58.6417711594,4.306209,50.854824,5246684.58977,10116387.0694,POINT (4.306209 50.854824)
126,50.837288,4.43462,FABRY - BOULEVARD DE LA WOLUWE / WOLUWELAAN 28,"50.837288, 4.43462",86.8562047422,4.43462,50.837288,5248836.91771,10128104.5035,POINT (4.43462 50.837288)
198,50.847649,4.307714,SCHEUT - CHEE DE NINOVE (FACE 441) / NINOOFSESTEENWEG (TEGENOVER 441),"50.847649, 4.307714",62.1486378799,4.307714,50.847649,5247707.88454,10116553.6456,POINT (4.307714 50.847649)
61,50.843836,4.378002,MAELBEEK/MAALBEEK - CHAUSSEE D'ETTERBEEK/ETTERBEEKSESTEENWEG 15,"50.843836, 4.378002",93.2356838171,4.378002,50.843836,5248061.57135,10122941.7797,POINT (4.378002 50.843836)
8,50.845683,4.368582,ARTS-LOI/KUNST-WET -  AVENUE DES ARTS/KUNSTLAAN 24,"50.845683, 4.368582",73.0199010585,4.368582,50.845683,5247823.46792,10122079.6834,POINT (4.368582 50.845683)
153,50.854128,4.378002,SQUARE ARMAND STEURS/ARMAND STEURSSQUARE - AVENUE PAUL DESCHANEL (FACE N° 267 - 269) / PAUL DESCHANELLAAN (TEGENOVER 267 - 269),"50.854128, 4.378002",77.0669745894,4.378002,50.854128,5246588.03819,10122896.1518,POINT (4.378002 50.854128)
262,50.87693,4.400722,PLACE DE LA PAIX / VREDEPLAIN - PLACE DE LA PAIX FACE 24 / VREDEPLEIN VOOR 24,"50.87693, 4.400722",99.9815629102,4.400722,50.87693,5243259.96404,10124852.3257,POINT (4.400722 50.87693)
154,50.851241,4.396386,PLASKY - SQUARE EUGENE PLASKY (FACE 100) / EUGENE PLASKYSQUARE (TEGENOVER 100),"50.851241, 4.396386",67.7696183045,4.396386,50.851241,5246949.42216,10124575.077,POINT (4.396386 50.851241)
295,50.793682,4.418497,COIN DU BALAI - AV DE LA FORESTERIE,"50.793682, 4.418497",60.7025272429,4.418497,50.793682,5255129.63831,10126841.8045,POINT (4.418497 50.793682)
306,50.889603,4.373967,HEMBEEK - ANGLE AV DES CROIX DE FEU / VUURKRUISENLAAN 7-9,"50.889603, 4.373967",65.5982412424,4.373967,50.889603,5241521.88848,10122373.7838,POINT (4.373967 50.889603)
359,50.867708,4.357532,JCDecaux - ALLÉE VERTE 50 À 1000 BRUXELLES,"50.867708, 4.357532",43.5423933819,4.357532,50.867708,5244701.04761,10120981.8353,POINT (4.357532 50.867708)
299,50.80941,4.386541,SAINT-ADRIEN - AV DU PESAGE N°21,"50.80941, 4.386541",77.7476749914,4.386541,50.80941,5252967.88105,10123869.5325,POINT (4.386541 50.80941)
38,50.837912,4.347421,JEU DE BALLE/VOSSENPLEIN - RUE BLAES/BLAESSTRAAT 135-141,"50.837912, 4.347421",75.1291291517,4.347421,50.837912,5248994.74506,10120195.1408,POINT (4.347421 50.837912)
11,50.8405,4.356878,FERMÉE - TRAVAUX STIB - SABLON/ZAVEL - RUE DE LA REGENCE/REGENTSCHAPSSTRAAT 20,"50.8405, 4.356878",68.8737698393,4.356878,50.8405,5248598.09762,10121041.3546,POINT (4.356878 50.8405)
176,50.852356,4.408635,COLONEL BOURG/KOLONEL BOURG - RUE COLONEL BOURG/ KOLONEL BOURGSTRAAT 104,"50.852356, 4.408635",75.3371018626,4.408635,50.852356,5246754.81093,10125680.125,POINT (4.408635 50.852356)
1,50.836304,4.41505,LEOPOLD II - AVENUE DE TERVUREN FACE / TERVURENLAAN VOOR 218,"50.836304, 4.41505",75.6830011052,4.41505,50.836304,5249034.64088,10126334.5592,POINT (4.41505 50.836304)
92,50.875826,4.329921,LENOIR - BLD DE SMET DE NAEYER/DE SMET DE NAEYERLAAN 187 - 189,"50.875826, 4.329921",58.4221086701,4.329921,50.875826,5243614.58365,10118446.1155,POINT (4.329921 50.875826)
15,50.837036,4.406826,MONTGOMERY - AVENUE DE TERVUREN / TERVURENLAAN 136-138,"50.837036, 4.406826",62.8755825851,4.406826,50.837036,5248953.47078,10125585.5329,POINT (4.406826 50.837036)
180,50.837726,4.381565,JOURDAN - RUE FROISSART (FACE 3 - 5) / FROISSARTSTRAAT (TEGENOVER 3 - 5),"50.837726, 4.381565",57.1141433037,4.381565,50.837726,5248926.43785,10123291.9427,POINT (4.381565 50.837726)
105,50.829631,4.3692,DE HENNIN -  CHAUSSEE D'IXELLES/ELSENSE STEENWEG 254 - 260,"50.829631, 4.3692",66.4031129784,4.3692,50.829631,5250120.3341,10122206.4365,POINT (4.3692 50.829631)
18,50.84771,4.377552,GUTENBERG - SQUARE GUTENBERG (FACE N° 5)/GUTENBERGSSQUARE (TEGENOVER N° 5),"50.84771, 4.377552",73.6499238726,4.377552,50.84771,5247508.15849,10122883.8148,POINT (4.377552000000001 50.84771)
357,50.834634,4.456746,AVIATION - INTERSECTION AVENUE DE L'AVIATION ET AVENUE ORBAN,"50.834634, 4.456746",69.7429770467,4.456746,50.834634,5249151.75395,10130123.0832,POINT (4.456746 50.834634)
257,50.872169,4.298216,PLACE MARGHERITE D'AUTRICHE / MARGARETHA VAN OOSTENRIJKPLEIN,"50.872169, 4.298216",82.8829616046,4.298216,50.872169,5244222.76862,10115590.2853,POINT (4.298216 50.872169)
111,50.827831,4.431822,ETANGS MELLAERTS VIJVERS - BOULEVARD DU SOUVERAIN FACE / VORSTLAAN VOOR 275,"50.827831, 4.431822",62.6730520085,4.431822,50.827831,5250199.31091,10127894.391,POINT (4.431822 50.827831)
20,50.843613,4.360628,PALAIS ROYAL/KONINGSSTRAAT PALEIS - RUE ROYALE (DEVANT N°14)/KONINKLIJKESTRAAT (N°14),"50.843613, 4.360628",73.3533865479,4.360628,50.843613,5248141.96852,10121367.7232,POINT (4.360628000000001 50.843613)
251,50.800377,4.326985,PAOLA - RUE VICTOR ALLARD FACE 222 / VICTOR ALLARD STRAAT VOOR 222,"50.800377, 4.326985",75.6398021621,4.326985,50.800377,5254426.9142,10118502.4616,POINT (4.326985 50.800377)
183,50.829928,4.390357,LA CHASSE/JACHT - AVENUE DES CASERNES/ KAZERNENLAAN 4 - 6,"50.829928, 4.390357",54.6271037623,4.390357,50.829928,5250018.28868,10124124.0333,POINT (4.390357 50.829928)
145,50.859096,4.379117,COTEAUX/WIJNHEUVELEN - AVENUE ROGIER / ROGIERLAAN 128,"50.859096, 4.379117",76.1260145942,4.379117,50.859096,5245873.70278,10122975.1559,POINT (4.379117 50.85909600000001)
179,50.839217,4.398015,CELTES/KELTEN - AVENUE DE TERVUEREN (FACE AU 17) / TERVURENLAAN (TEGENOVER 17),"50.839217, 4.398015",63.9798558446,4.398015,50.839217,5248666.35157,10124776.7962,POINT (4.398015 50.839217)
294,50.798344,4.419014,WIENER - PLACE WIENER 2 / WIENERPLAATS 2,"50.798344, 4.419014",60.8177868858,4.419014,50.798344,5254460.20393,10126867.4398,POINT (4.419014 50.798344)
265,50.867241,4.40287,EVERE SHOPPING - AV DES LOISIRS / VRIJETIJDSLAAN,"50.867241, 4.40287",57.8634761165,4.40287,50.867241,5244640.56076,10125090.5181,POINT (4.40287 50.86724100000001)
124,50.818283,4.363568,CHARLES GRAUX - CHAUSSEE DE WATERLOO (DEVANT N° 585 - 587)/ WATERLOOSESTEENWEG (N° 585 - 587),"50.818283, 4.363568",87.8359656847,4.363568,50.818283,5251761.33471,10121745.429,POINT (4.363568 50.81828300000001)
40,50.833931,4.343155,PORTE DE HAL/HALLEPOORT - BOULEVARD DU MIDI/ZUIDLAAN 142,"50.833931, 4.343155",84.7094224677,4.343155,50.833931,5249576.53339,10119825.5277,POINT (4.343155 50.833931)
356,50.829715,4.455151,CENTRE SPORTIF - AVENUE JULES DU JARDIN FACE AU N°45 (ROND POINT DU TIBET),"50.829715, 4.455151",67.3730193851,4.455151,50.829715,5249860.86365,10130001.4924,POINT (4.455151 50.829715)
211,50.816528,4.290832,METRO CERIA - CH DE MONS (FACE AU 1292 a 1284) / BERGENSESTEENWEG (TEGENOVER 1292 TOT 1284),"50.816528, 4.290832",98.6161597459,4.290832,50.816528,5252209.65303,10115152.6319,POINT (4.290832 50.816528)
122,50.822207,4.389325,GARE D'ETTERBEEK/STATION VAN ETTERBEEK - BOULEVARD GENERAL JACQUES/GENERAAL JACQUESLAAN,"50.822207, 4.389325",76.2721221332,4.389325,50.822207,5251126.98924,10124064.9664,POINT (4.389325 50.822207)
239,50.8187714,4.350961,DARWIN - AV. BRUGMANN / BRUGMANNLAAN 139-147,"50.8187714, 4.350961",79.4434469327,4.350961,50.8187714,5251726.28129,10120599.3728,POINT (4.350961 50.8187714)
135,50.872744,4.376647,PARC LACROIX / LACROIX PARK - AV PRINCESSE ELISABETH/PRINSES ELISABETHLAAN,"50.872744, 4.376647",80.5927926709,4.376647,50.872744,5243927.06793,10122690.9439,POINT (4.376647 50.872744)
67,50.83975,4.385426,PARC CINQUANTENAIRE/JUBELPARK - AVENUE D'AUDERGHEM/OUDERGEMSESTEENWEG 45,"50.83975, 4.385426",71.9249263424,4.385426,50.83975,5248625.73172,10123633.0071,POINT (4.385426000000001 50.83975)
24,50.855268,4.358717,ROGIER - BOULEVARD DU JARDIN BOTANIQUE/KRUIDTUINLAAN,"50.855268, 4.358717",67.2482267802,4.358717,50.855268,5246478.56416,10121143.5319,POINT (4.358717 50.855268)
121,50.823986,4.37379,ETANGS / VIJVERS - RUE GUILLAUME STOCQ (FACE AU N° 1-3-5)/ GUILLAUME STOCQSTRAAT (TEGENOVER N° 1-3-5),"50.823986, 4.37379",55.4870826708,4.37379,50.823986,5250915.96283,10122647.715,POINT (4.37379 50.823986)
330,50.847546,4.450015,VANDERVELDE - AVENUE EMILE VANDERVELDE 90,"50.847546, 4.450015",73.0925962447,4.450015,50.847546,5247322.97549,10129452.494,POINT (4.450015 50.847546)
353,50.815681,4.40812,BEAULIEU - RUE JULES COCKX / JULES COCKXSTRAAT,"50.815681, 4.40812",69.5661934046,4.40812,50.815681,5252008.08406,10125799.6662,POINT (4.40812 50.815681)
6,50.845333,4.356475,GARE CENTRALE/CENTRAAL STATION - BLD DE L'IMPERATRICE/KEIZERINLAAN,"50.845333, 4.356475",89.7953549309,4.356475,50.845333,5247907.18539,10120983.7206,POINT (4.356475 50.845333)
161,50.872592,4.379886,DEMOLDER - AVENUE EUGENE DEMOLDER / EUGENE DEMOLDERLAAN 68,"50.872592, 4.379886",72.6879923273,4.379886,50.872592,5243939.74139,10122984.945,POINT (4.379886 50.872592)
109,50.824048,4.359896,CHATELAIN/KASTELEIN - RUE DE L'AQUEDUC /AQUADUCTSTRAAT 115-117-119,"50.824048, 4.359896",73.6288779035,4.359896,50.824048,5250945.80992,10121386.9989,POINT (4.359896 50.824048)
271,50.851158,4.309591,DUBOIS - BD EMILE MACHTENS/LAAN 102-104,"50.851158, 4.309591",81.6700883909,4.309591,50.851158,5247200.45867,10116709.0062,POINT (4.309591 50.851158)
172,50.869764,4.388191,AEROPOLIS - CHAUSSEE D'HAECHT (FACE 586) / HAACHTSESTEENWEG (TEGENOVER 586),"50.869764, 4.388191",76.0396091628,4.388191,50.869764,5244321.12141,10123749.6755,POINT (4.388191 50.869764)
263,50.872002,4.403286,MAISON COMMUNALE D'EVERE/ EVERE GEMEENTEHUIS - SQUARE HOEDEMAEKERS / HOEDEMAEKERSESQUARE 7-8,"50.872002, 4.403286",64.7720549741,4.403286,50.872002,5243957.94041,10125106.7162,POINT (4.403286 50.872002)
274,50.86002,4.307502,CORAY - CHEE DE GAND DEVANT 579-587 GENTSESTEENWEG VOOR 579-587,"50.86002, 4.307502",74.5848424186,4.307502,50.86002,5245937.26162,10116482.394,POINT (4.307502 50.86002)
278,50.894005,4.331902,STADE / STADIUM - AVENUE HOUBA DE STROOPER / HOUBA DE STROOPERLAAN,"50.894005, 4.331902",75.9494451633,4.331902,50.894005,5241007.67028,10118547.6833,POINT (4.331902 50.894005)
68,50.840282,4.380131,JEAN REY - PLACE JEAN REY/JEAN REYPLAATS,"50.840282, 4.380131",73.0606316166,4.380131,50.840282,5248564.47364,10123150.565,POINT (4.380131 50.840282)
125,50.817392,4.354105,GEORGES BRUGMANN - PLACE GEORGES BRUGMANN/GEORGES BRUGMANNPLEIN N° 10 - 11,"50.817392, 4.354105",67.8991732946,4.354105,50.817392,5251915.18926,10120890.6634,POINT (4.354105 50.817392)
339,50.845365,4.41788,MEUDON - SQUARE MEUDON,"50.845365, 4.41788",63.3725696602,4.41788,50.845365,5247729.08792,10126549.8271,POINT (4.41788 50.845365)
90,50.867448,4.326807,BROUSTIN - AV DE JETTE/ JETSELAAN 73 - 81,"50.867448, 4.326807",81.2087684348,4.326807,50.867448,5244822.17888,10118199.8675,POINT (4.326807 50.867448)
249,50.794186,4.366336,SAINT-JOB/SINT JOB - PLACE SAINT JOB/SINT-JOB PLEIN,"50.794186, 4.366336",70.9531500802,4.366336,50.794186,5255205.75242,10122102.6427,POINT (4.366336 50.794186)
332,50.845229,4.404311,VERGOTE - BD BRAND WHITLOK,"50.845229, 4.404311",65.8157864961,4.404311,50.845229,5247787.56307,10125320.4665,POINT (4.404311 50.84522900000001)
163,50.859112,4.39157,CHAZAL - AVENUE ERNEST CAMBIER (FACE 7)/ ERNEST CAMBIERLAAN (TEGENOVER 7),"50.859112, 4.39157",50.5839205185,4.39157,50.859112,5245836.29355,10124103.3777,POINT (4.39157 50.859112)
127,50.832194,4.377694,DÉMONTÉE POUR TRAVAUX - GRAY  -  RUE DES DEUX PONTS (FACE 4)/ TWEEBRUGGENSTRAAT (TEGENOVER 4),"50.832194, 4.377694",49.9237763459,4.377694,50.832194,5249729.50701,10122965.4756,POINT (4.377694 50.832194)
64,50.832749,4.331058,VETERINAIRES/VEEARTSEN - RUE DE FRANCE / FRANKRIJKSTRAAT,"50.832749, 4.331058",67.8202577155,4.331058,50.832749,5249778.777,10118733.5243,POINT (4.331058 50.832749)
74,50.831936,4.353037,PLACE LOIX/LOIXPLEIN - RUE BERCKMANS/ BERCKMANSSTRAAT 78 - 84,"50.831936, 4.353037",86.3283618559,4.353037,50.831936,5249835.08002,10120730.3976,POINT (4.353037 50.831936)
209,50.828602,4.299621,VEEWEYDE / VEEWEIDE - BD THEO LAMBERT (FACE 5 a 9) / THEO LAMBERTLAAN (TEGENOVER ( tot 9),"50.828602, 4.299621",74.9393993009,4.299621,50.828602,5250456.99882,10115899.699,POINT (4.299621 50.828602)
194,50.885885,4.342003,AVENUE HOUBA DE STROOPER LAAN 30-32,"50.885885, 4.342003",60.2964743747,4.342003,50.885885,5242142.16625,10119496.8046,POINT (4.342003 50.885885)
324,50.819641,4.412926,THOMAS BALIS - CHEE DE WAVRE 1395 à 1403 / WAVERSESTEENWEG 1395 TOT 1403,"50.819641, 4.412926",70.8090481686,4.412926,50.819641,5251427.06334,10126217.7534,POINT (4.412926 50.819641)
241,50.803917,4.349116,STATUAIRES/BEELDHOUWWERK - AVENUE DE FRE/DE FRELAAN 62,"50.803917, 4.349116",86.8833965211,4.349116,50.803917,5253859.27975,10120496.5065,POINT (4.349116 50.803917)
81,50.870259,4.343195,PONT BOCKSTAEL/BRUG BOCKSTAEL - BLD EMILE BOCKSTAEL/EMILE BOCKSTAELLAAN 5,"50.870259, 4.343195",61.1917454339,4.343195,50.870259,5244375.29867,10119672.1789,POINT (4.343195 50.870259)
268,50.862808,4.410791,DUNANT - AV HENRI DUNANT / HENRI DUNANTLAAN,"50.862808, 4.410791",75.5059659219,4.410791,50.862808,5245252.40817,10125828.0822,POINT (4.410791 50.862808)
205,50.835503,4.299573,DE LINDE - PLACE DE LINDE 22 / DE LINDEPLEIN 22,"50.835503, 4.299573",66.3746448586,4.299573,50.835503,5249468.78554,10115866.4766,POINT (4.299573 50.835503)
319,50.885197,4.317648,ANCIENNE BARRIERE / OUDE AFSPANNINGSPLEIN - PLACE DE L'ANCIENNE BARRIERE FACE 10,"50.885197, 4.317648",80.0680664021,4.317648,50.885197,5242306.47103,10117295.0334,POINT (4.317648 50.885197)
221,50.821846,4.284394,CURIE - SQUARE MARIE CURIE (FACE 30) / MARIE CURIE SQUARE (TEGENOVER 30),"50.821846, 4.284394",70.6572126001,4.284394,50.821846,5251464.7898,10114546.3929,POINT (4.284394000000001 50.821846)
293,50.810528,4.40231,KEYM - AVENUE DU COLVERT,"50.810528, 4.40231",72.3210036551,4.40231,50.810528,5252762.85915,10125295.7264,POINT (4.40231 50.810528)
313,50.814958,4.416987,DEMEY - INTERSECTION BD INVALIDENLAAN / AV LOUIS DEHOUXLAAN,"50.814958, 4.416987",67.9520422885,4.416987,50.814958,5252086.09104,10126607.5682,POINT (4.416987 50.814958)
128,50.832355,4.432358,MUSEE DU TRAM - AVENUE DE TERVUREN / TERVURENLAAN,"50.832355, 4.432358",69.6251481991,4.432358,50.832355,5249549.89737,10127922.1486,POINT (4.432358 50.832355)
4,50.847976,4.343696,JARDIN AUX FLEURS/BLOEMENHOF - PLACE DU JARDIN AUX FLEURS/BLOEMENHOFPLEIN - RUE DES 6 JETONS/ZES PENNIGENSTRAAT 71,"50.847976, 4.343696",66.635230758,4.343696,50.847976,5247563.90107,10119813.8591,POINT (4.343696 50.847976)
304,50.893497,4.363297,ARAUCARIA - AV DES CROIX DE FEU DEV 221C,"50.893497, 4.363297",73.3096244056,4.363297,50.893497,5240994.37906,10121391.0085,POINT (4.363297 50.893497)
343,50.861788,4.292913,VANDENDRIESCH - RUE J-B VANDENDRIESCH 22-24,"50.861788, 4.292913",84.8557757647,4.292913,50.861788,5245722.76866,10115153.1551,POINT (4.292913 50.861788)
303,50.807903,4.392756,VIEUX TILLEUL - AV DU BOIS DE LA CAMBRE FACE 113,"50.807903, 4.392756",82.0451668365,4.392756,50.807903,5253166.13564,10124440.3879,POINT (4.392756 50.807903)
32,50.850176,4.346384,DANSAERT - RUE ANTOINE DANSAERT/ANTOINE DANSAERTSTRAAT 60-62-64,"50.850176, 4.346384",82.9287572766,4.346384,50.850176,5247241.54789,10120047.9788,POINT (4.346384 50.850176)
296,50.79528,4.40832,GARE DE BOITSFORT / BOSVOORDE STATION - CHEE DE LA HULPE DVT 187 / HULPSESTEENWEG 187,"50.79528, 4.40832",77.6193219124,4.40832,50.79528,5254930.05754,10125910.3595,POINT (4.40832 50.79528000000001)
157,50.863388,4.386222,HELIOTROPES/HELIOTROPEN - BOULEVARD LAMBERMONT /  LAMBERMONTLAAN 374,"50.863388, 4.386222",71.5451252288,4.386222,50.863388,5245239.3171,10123599.7653,POINT (4.386222 50.863388)
280,50.897522,4.334831,HEYSEL / HEISEL - AVENUE DE L'IMPERATRICE CHARLOTTE / KEIZERIN CHARLOTTELAAN,"50.897522, 4.334831",80.4685940834,4.334831,50.897522,5240496.50182,10118797.6632,POINT (4.334831 50.89752200000001)
53,50.837499,4.335947,GARE DU MIDI / ZUIDSTATION - PLACE VICTOR HORTA / VICTOR HORTAPLEIN,"50.837499, 4.335947",69.9046850777,4.335947,50.837499,5249085.25898,10119156.4998,POINT (4.335947 50.837499)
290,50.79158,4.332669,GARE DE CALEVOET / KALEVOET STATION - CHEE D'ALSEMBERG / ALSEMBERGSESTEENWEG 1006,"50.79158, 4.332669",62.1561504265,4.332669,50.79158,5255671.95616,10119056.3304,POINT (4.332669 50.79158)
323,50.855186,4.415246,CARENE - AV LEON GROSJEAN 79,"50.855186, 4.415246",75.8402680207,4.415246,50.855186,5246330.66641,10126266.3531,POINT (4.415246 50.855186)
56,50.845817,4.383722,ARCHIMEDE / ARCHIMEDES - RUE ARCHIMEDE/ARCHIMEDESSTRAAT 58-64,"50.845817, 4.383722",72.6806896267,4.383722,50.845817,5247761.84043,10123451.4983,POINT (4.383722 50.845817)
201,50.842667,4.295939,PETERBOS - BD MARIA GROENINCKX DE MAY (FACE 26) / MARIA GROENINCKX DE MAYLAAN (TEGENOVER 26),"50.842667, 4.295939",57.088533132,4.295939,50.842667,5248452.48813,10115507.0394,POINT (4.295939 50.842667)
149,50.856208,4.403386,JULES LEBRUN - CHAUSSEE DE LOUVAIN (FACE 593) / LEUVENSE STEENWEG (TEGENOVER 593),"50.856208, 4.403386",60.0219956107,4.403386,50.856208,5246218.39252,10125187.051,POINT (4.403386 50.856208)
196,50.846874,4.29817,PRINCE DE LIEGE / PRINS VAN LUIK - CHEE DE NINOVE (FACE 629) / NINOOFSESTEENWEG (TEGENOVER 629),"50.846874, 4.29817",65.5043449035,4.29817,50.846874,5247844.18429,10115691.7383,POINT (4.29817 50.846874)
43,50.845256,4.374501,JOSEPH II/JOZEF II - RUE JOSEPH II/JOZEF II-STRAAT,"50.845256, 4.374501",82.8685055714,4.374501,50.845256,5247868.06879,10122618.12,POINT (4.374501 50.845256)
108,50.828012,4.371756,FLAGEY - PLACE FLAGEY (FACE 11)/EUGENE FLAGEYPLEIN (TEGENOVER 11),"50.828012, 4.371756",73.9788415564,4.371756,50.828012,5250345.05577,10122445.4152,POINT (4.371756 50.828012)
286,50.80814,4.336901,BENS - CHEE D'ALSEMBERG DEVANT LE 548 / ALSEMBERSESTEENWEG VOOR 548,"50.80814, 4.336901",51.3866618951,4.336901,50.80814,5253287.76332,10119369.3785,POINT (4.336901 50.80814)
130,50.820244,4.430081,ROND POINT DU SOUVERAIN - BOULEVARD DU SOUVERAIN FACE / VORSTLAAN VOOR 207,"50.820244, 4.430081",89.0083571717,4.430081,50.820244,5251290.96228,10127771.4113,POINT (4.430081 50.820244)
325,50.821735,4.405622,HANKAR - CHEE DE WAVRE / WAVERSESTEENWEG 1208,"50.821735, 4.405622",84.185027625,4.405622,50.821735,5251148.14429,10125545.5932,POINT (4.405622 50.821735)
106,50.830012,4.378625,GERMOIR/MOUTERIJ - AVENUE DE LA COURONNE/KROONLAAN 92-94-96,"50.830012, 4.378625",61.4663473971,4.378625,50.830012,5250039.37193,10123059.5919,POINT (4.378625 50.830012)
65,50.829985,4.344557,PARVIS DE ST GILLES/ST-GILLISVOORPLEIN - CHAUSSEE DE WATERLOO/ WATERLOOSESTEENWEG 65-69,"50.829985, 4.344557",67.1043408291,4.344557,50.829985,5250137.80444,10119969.7511,POINT (4.344557 50.829985)
231,50.805801,4.3194,KERSBEEK - AV KERSBEEK 107 / KERSBEEKLAAN 107,"50.805801, 4.3194",59.4316808904,4.3194,50.805801,5253670.29721,10117790.7018,POINT (4.3194 50.805801)
250,50.80534,4.372123,SAINTE-ELISABETH - AV DE FRE CROISEMENT CH DE WATERLOO / DEFRELAAN - WATERLOOSESTEENWEG,"50.80534, 4.372123",71.9381969224,4.372123,50.80534,5253591.51845,10122578.8786,POINT (4.372123 50.80534)
342,50.864761,4.294429,MAISON COMMUNALE DE BERCHEM ST AGHATE - AVENUE DU ROI ALBERT DVT 38,"50.864761, 4.294429",56.9405175212,4.294429,50.864761,5245293.17538,10115278.1331,POINT (4.294429 50.864761)
168,50.866379,4.303281,HOPITAL FRANÇAIS/FRANS HOSPITAAL - AVENUE JOS GOFFINLAAN 133-135,"50.866379, 4.303281",78.0665201707,4.303281,50.866379,5245038.15921,10116073.2838,POINT (4.303281 50.866379)
13,50.840184,4.341324,LEMONNIER - BLD. MAURICE LEMONNIER/DE MAURICE LEMONNIERLAAN 202-204-206,"50.840184, 4.341324",66.6649921522,4.341324,50.840184,5248686.10402,10119632.4831,POINT (4.341324 50.840184)
7,50.846319,4.362244,PARC/PARK - RUE ROYALE  (FACE N°66-68)/KONINGSSTRAAT (TEGENOVER N°66-68),"50.846319, 4.362244",62.6983909114,4.362244,50.846319,5247750.03358,10121502.3624,POINT (4.362244 50.846319)
272,50.850845,4.299659,SCHEUTBOS - BD METTEWIE/LAAN FACE/VOOR 419,"50.850845, 4.299659",60.3969589286,4.299659,50.850845,5247271.66289,10115810.1126,POINT (4.299659 50.850845)
41,50.859302,4.35485,SAINT ROCH/SINT-ROCHUS - CHAUSSEE D'ANVERS/ANTWERPSELAAN 37,"50.859302, 4.35485",67.0741025388,4.35485,50.859302,5245911.74221,10120775.5286,POINT (4.35485 50.859302)
57,50.849761,4.369356,MADOU - RUE SCAILQUIN/SCAILQUINSTRAAT,"50.849761, 4.369356",72.9244282366,4.369356,50.849761,5247237.43622,10122131.879,POINT (4.369356 50.849761)
46,50.843556,4.355006,ALBERTINE/ALBERTINA - BLD DE L'EMPEREUR/KEIZERSLAAN face/tegenover 2,"50.843556, 4.355006",73.7665396324,4.355006,50.843556,5248165.68198,10120858.302,POINT (4.355006 50.843556)
49,50.8615,4.351143,WILLEBROECK/WILLEBROEK - QUAI DE WILLEBROECK/WILLEBROEKKAAI 22 BIS,"50.8615, 4.351143",69.987682799,4.351143,50.8615,5245607.3007,10120430.0994,POINT (4.351143 50.8615)
171,50.854789,4.312201,PISCINE LOUIS NAMECHE ZWEMBAD - RUE CHARLES MALISSTRAAT / PARKING PISCINE / ZWEMBAD PARKING,"50.854789, 4.312201",72.4972913777,4.312201,50.854789,5246673.62715,10116930.2386,POINT (4.312201 50.854789)
3,50.853203,4.341823,PORTE DE FLANDRE/VLAAMSEPOORT - BLD DE NIEUPORT/NIEUWPOORTLAAN 1,"50.853203, 4.341823",76.4636465651,4.341823,50.853203,5246820.65099,10119621.5195,POINT (4.341823 50.85320300000001)
114,50.820391,4.385358,SAISONS/JAARGETIJDEN  -  AVENUE DES SAISONS 2 / JAARGETIJDENLAAN 2,"50.820391, 4.385358",75.9255085876,4.385358,50.820391,5251398.3131,10123713.1701,POINT (4.385358 50.820391)
314,50.812325,4.427962,HERRMANN DEBROUX - AV HERRMANN DEBROUXLAAN,"50.812325, 4.427962",70.0731934033,4.427962,50.812325,5252431.38263,10127615.5772,POINT (4.427962 50.812325)
307,50.881889,4.347448,KAREL BOGAERT - BD EMILE BOCKSTAEL / EMILE BOCKSTAELLAAN 307,"50.881889, 4.347448",55.6011034257,4.347448,50.881889,5242699.13751,10120007.0011,POINT (4.347448 50.881889)
289,50.801594,4.340061,SQUARE GEORGES MARLOWSQUARE - SQUARE MARLOW FACE 3-4-5 / MARLOWSQUARE VOOR 3-4-5,"50.801594, 4.340061",74.9648619104,4.340061,50.801594,5254216.94937,10119684.4754,POINT (4.340061 50.801594)
75,50.825888,4.340388,GENERAL BARON/GENERAAL BARON - AV DU PARC / PARKLAAN 51 - 55,"50.825888, 4.340388",67.5158540742,4.340388,50.825888,5250735.98577,10119609.2952,POINT (4.340388 50.825888)
115,50.817775,4.384971,PETITE SUISSE / KLEIN ZWITSERLAND - PLACE DE LA PETITE SUISSE (FACE 16-18) / KLEIN ZWITSERLANDPLEIN (TEGENOVER 16 - 18),"50.817775, 4.384971",67.269211196,4.384971,50.817775,5251774.09948,10123689.7241,POINT (4.384971 50.817775)
158,50.867955,4.379577,VAN YSENDIJCK - AVENUE VOLTAIRE (FACE 6) / VOLTAIRELAAN (TEGENOVER 6),"50.867955, 4.379577",78.4049566324,4.379577,50.867955,5244604.30286,10122977.5302,POINT (4.379577 50.867955)
94,50.849215,4.329184,DUCHESSE DE BRABANT/HERTOGIN VAN BRABANT - RUE DE BIRMINGHAM / BIRMINGHAMSTRAAT,"50.849215, 4.329184",64.8311243828,4.329184,50.849215,5247426.00469,10118493.1331,POINT (4.329184 50.849215)
54,50.863445,4.34635,FERMÉE - AGRANDISSEMENT STATION - TOUR ET TAXIS/THURN &TAXIS - RUE PICARD/ PICARDSTRAAT 3,"50.863445, 4.34635",74.147655439,4.34635,50.863445,5245342.03211,10119987.4337,POINT (4.34635 50.863445)
70,50.818113,4.371446,AURORE/DAGERAAD - AVENUE LOUISE/LOUIZALAAN 440,"50.818113, 4.371446",48.0776009139,4.371446,50.818113,5251763.70927,10122461.0052,POINT (4.371446 50.818113)
45,50.83308,4.35743,STEPHANIE/STEFANIA - AV LOUISE/LOUIZALAAN 61A-63-65,"50.83308, 4.35743",93.700298358,4.35743,50.83308,5249659.11366,10121123.8183,POINT (4.35743 50.83308)
136,50.869809,4.371808,PAVILLON/PAVILJOEN - PLACE PAVILLON /PAVILJOENPLAATS 92-94-96,"50.869809, 4.371808",69.9193069262,4.371808,50.869809,5244360.67998,10122265.6633,POINT (4.371808 50.869809)
285,50.813469,4.338951,COGHEN - AV COGHEN 1 A 5 / COGHENSTRAAT 1 TOT 5,"50.813469, 4.338951",73.4667275837,4.338951,50.813469,5252518.76443,10119532.4805,POINT (4.338951 50.813469)
104,50.833304,4.366611,FERNAND COCQ - PLACE FERNAND COCQ (FACE AU 19-23) / FERNAND COCQPLEIN (TEGENOVER 19 - 23) (FERMÉE),"50.833304, 4.366611",63.2281196023,4.366611,50.833304,5249601.54687,10121955.4561,POINT (4.366611 50.833304)
270,50.859127,4.414406,DE PADUWA - AVENUE DES ANCIENS COMBATTANTS / OUD-STRIJDERSLAAN 1,"50.859127, 4.414406",81.7872288969,4.414406,50.859127,5245768.92695,10126172.3085,POINT (4.414406 50.859127)
267,50.86171,4.403147,GENEVE - RUE DE GENEVE /  GENEVESTRAT 12,"50.86171, 4.403147",68.9933087846,4.403147,50.86171,5245431.46795,10125140.5648,POINT (4.403147 50.86171)
348,50.831078,4.398546,HANSEN-SOULIE - AVENUE HANSEN-SOULIE 42,"50.831078, 4.398546",77.5834136331,4.398546,50.831078,5249830.32194,10124861.5748,POINT (4.398546 50.831078)
144,50.85778,4.368144,SAINTE MARIE/SINTE-MARIA - RUE ROYALE/ KONINGSSTRAAT 257 - 259,"50.85778, 4.368144",73.1846690552,4.368144,50.85778,5246092.77871,10121986.7365,POINT (4.368144 50.85778)
229,50.813587,4.324681,ZAMAN FOREST NATIONAL/ZAMAN VORST NATIONAAL - AV VAN VOLXEM 2 / VAN VOLXEMLAAN 2,"50.813587, 4.324681",72.5318286267,4.324681,50.813587,5252540.63773,10118236.8962,POINT (4.324681 50.813587)
312,50.816948,4.426551,CENTRE CULTUREL / CULTUREEL CENTRUM - BD DU SOUVERAIN FACE 282 / VORSTLAAN VOOR 282,"50.816948, 4.426551",65.9800547207,4.426551,50.816948,5251773.31959,10127466.2909,POINT (4.426551 50.816948)
340,50.843617,4.425324,AVENUE PAUL HYMANSLAAN,"50.843617, 4.425324",60.5281564647,4.425324,50.843617,5247957.80127,10127232.605,POINT (4.425324 50.843617)
63,50.834705,4.421643,JULES CESAR - AVENUE DE TERVUREN DEVANT / TERVURENLAAN VOOR 278,"50.834705, 4.421643",63.4177057512,4.421643,50.834705,5249244.55011,10126939.6918,POINT (4.421643 50.83470500000001)
292,50.797739,4.336083,FERMÉE - TRAVAUX DE VOIRIE - RITTWEGER - RUE RITTWEGER 6-8 / RITTWEGERSTRAAT 6-8,"50.797739, 4.336083",56.6755719106,4.336083,50.797739,5254780.14806,10119339.8941,POINT (4.336083 50.797739)
156,50.847158,4.393255,JAMBLINE DE MEUX - PLACE JAMBLINNE DE MEUX / JAMBLINNE DE MEUXPLEIN 43 - 44 - 45,"50.847158, 4.393255",65.5125120438,4.393255,50.847158,5247542.87929,10124309.6205,POINT (4.393255 50.847158)
284,50.873085,4.35859,CLAESSENS - RUE CLAESSENS FACE 7 / CLAESSENSSTRAAT VOOR 7,"50.873085, 4.35859",76.2765884656,4.35859,50.873085,5243928.49924,10121054.1792,POINT (4.35859 50.873085)
51,50.835699,4.338826,MIDI FONSNY/ZUID FONSNY - RUE D'ANGLETERRE / ENGELANDSTRAAT,"50.835699, 4.338826",74.8130423798,4.338826,50.835699,5249335.17719,10119425.317,POINT (4.338826 50.835699)
309,50.87521,4.317954,FERMÉE - TRAVAUX DE VOIRIE - SQUARE DU CENTENAIRE / EEUWFEESTSQUARE- SQUARE DU CENTENAIRE,"50.87521, 4.317954",77.239678011,4.317954,50.87521,5243734.9775,10117365.0456,POINT (4.317954 50.87521000000001)
175,50.854166,4.322948,BEEKANT - BOULEVARD EDMOND MACHTENS / EDMOND MACHTENSLAAN,"50.854166, 4.322948",80.1331186482,4.322948,50.854166,5246733.98901,10117906.824,POINT (4.322948 50.854166)
50,50.860862,4.339182,RIBAUCOURT - BLD LEOPOLD II / LEOPOLD II-LAAN 121-123,"50.860862, 4.339182",82.4871563716,4.339182,50.860862,5245731.38273,10119349.1818,POINT (4.339182 50.860862)
347,50.81482,4.26534,ERASME - ROUTE DE LENNIK N°808,"50.81482, 4.26534",63.2419379088,4.26534,50.81482,5252520.79985,10112846.1896,POINT (4.26534 50.81482)
164,50.867643,4.385817,KENNIS - BOULEVARD LAMBERMONT (20 M APRES 284)/LAMBERMONTLAAN   (20 M NA N° 284),"50.867643, 4.385817",81.2891103011,4.385817,50.867643,5244631.40451,10123544.1142,POINT (4.385817 50.867643)
206,50.834755,4.305962,SAINT GUIDON / SINT GUIDO - AV PAUL JANSON (FACE AU 34-28) / PAUL JANSONLAAN (TEGENOVER 34-28),"50.834755, 4.305962",70.9168956959,4.305962,50.834755,5249558.9422,10116449.0204,POINT (4.305962 50.834755)
14,50.839024,4.362168,PORTE DE NAMUR/NAAMSEPOORT - BLD DU REGENT /REGENTLAAN 1,"50.839024, 4.362168",70.154086959,4.362168,50.839024,5248794.79676,10121527.4488,POINT (4.362168 50.839024)
190,50.867904,4.390696,TERDELT - PLACE TERDELT / TERDELTPLEIN,"50.867904, 4.390696",81.7315242677,4.390696,50.867904,5244580.26427,10123984.8694,POINT (4.390696 50.867904)
210,50.827873,4.288707,MARIUS RENARD - AV CHARLES DE TOLLENAERE (FACE 60) - CHARLES DE TOLLENAERELAAN (TEGENOVER 60),"50.827873, 4.288707",62.9668989318,4.288707,50.827873,5250590.20866,10114912.7148,POINT (4.288707 50.827873)
287,50.809334,4.345243,FLOREAL - AV BRUGMANN 359 / BRUGMANNLAAN 359,"50.809334, 4.345243",84.1459358039,4.345243,50.809334,5253093.88226,10120121.4238,POINT (4.345243 50.809334)
118,50.864622,4.297878,SCHWEITZER - PLACE DOCTEUR SCHWEITZER,"50.864622, 4.297878",66.710135421,4.297878,50.864622,5245303.97519,10115591.1704,POINT (4.297878 50.864622)
140,50.862704,4.381289,AZALEES / AZALEA -   AVENUE PAUL DESCHANEL/LAAN FACE/TEGENOVER N°  6-8,"50.862704, 4.381289",73.9066280355,4.381289,50.862704,5245351.12046,10123155.9208,POINT (4.381289 50.862704)
87,50.871391,4.323914,MIROIR/SPIEGEL - AVENUE DE LAEKEN (FACE 36) / LAKENSE LAAN (TEGENOVER 36),"50.871391, 4.323914",71.1340580299,4.323914,50.871391,5244265.58285,10117921.0268,POINT (4.323914 50.871391)
315,50.810322,4.435789,SACRE COEUR AUDERGHEM / HEILIGE HART OUDERGHEM - SQUARE DU SACREE CŒUR / HEILIG-HARTSQUARE,"50.810322, 4.435789",76.7783417243,4.435789,50.810322,5252695.42492,10128335.1418,POINT (4.435789 50.810322)
322,50.889523,4.315953,PARC DU ROI BAUDOUIN / BOUDEWIJNPARK - RUE JEAN BAPTISTE MOYENSSTRAAT 400,"50.889523, 4.315953",66.6600238788,4.315953,50.889523,5241691.93794,10117123.2953,POINT (4.315953 50.889523)
44,50.841707,4.370986,CHARLEMAGNE/KAREL DE GROTE - RUE DE LA SCIENCE/WETENSCHAPSSTRAAT 11,"50.841707, 4.370986",61.4008508903,4.370986,50.841707,5248386.06028,10122315.1425,POINT (4.370986 50.841707)
82,50.873012,4.341687,PANNENHUIS - RUE CHARLES DEMEER/CHARLES DEMEERSTRAAT  71,"50.873012, 4.341687",76.0527870076,4.341687,50.873012,5243985.37362,10119523.7202,POINT (4.341687 50.873012)
202,50.839554,4.312311,AUMALE - RUE D'AUMALE / AUMALESTRAAT 339-341,"50.839554, 4.312311",55.6059862308,4.312311,50.839554,5248854.75952,10117004.5354,POINT (4.312311 50.839554)
212,50.827106,4.2925,THEO LAMBERT - BD THEO LAMBERT (FACE 60) / THEO LAMBERT LAAN (TEGENOVER 60),"50.827106, 4.2925",73.9549985055,4.2925,50.827106,5250690.08259,10115259.9792,POINT (4.2925 50.827106)
123,50.817507,4.366498,BASCULE -  CHAUSSEE DE VLEURGAT (DEVANT 215 - 217) / VLEURGATSESTEENWEG  (N° 215 - 217),"50.817507, 4.366498",83.8734698308,4.366498,50.817507,5251864.32767,10122014.7034,POINT (4.366498 50.81750700000001)
351,50.813724,4.384205,ULB - AV BUYL CROISEMENT AV DE L'UNIVERSITE (DEVANT L'ULB),"50.813724, 4.384205",61.6608872979,4.384205,50.813724,5252356.52025,10123638.2765,POINT (4.384205 50.813724)
195,50.8377,4.288726,WESTLAND SHOPPING - BD SYLVAIN DUPUIS 265 / SYLVAIN DUPUIS LAAN 265,"50.8377, 4.288726",80.6914290024,4.288726,50.8377,5249182.76581,10114873.6736,POINT (4.288726 50.8377)
338,50.851073,4.452706,"UCL - AVENUE E.MOUNIER,40","50.851073, 4.452706",71.9389676372,4.452706,50.851073,5246810.09061,10129679.9105,POINT (4.452706 50.851073)
217,50.824913,4.297248,BIZET - PLACE BIZET (face 11 a 19) / BIZETPLEIN (TEGENOVER 11 tot 19),"50.824913, 4.297248",75.1399918203,4.297248,50.824913,5250991.64851,10115699.8517,POINT (4.297248 50.82491300000001)
170,50.87453,4.385378,RIGA - SQUARE FRANCOIS RIGA / FRANCOIS RIGASQUARE,"50.87453, 4.385378",67.7211347677,4.385378,50.87453,5243646.92211,10123473.6743,POINT (4.385378 50.87453)
187,50.826603,4.397117,ARSENAL/ARSENAAL - BOULEVARD LOUIS SCHMIDT/ LOUIS SCHMIDTLAAN 2,"50.826603, 4.397117",88.7480163458,4.397117,50.826603,5250475.25915,10124752.0998,POINT (4.397117 50.82660300000001)
232,50.810875,4.329158,DOMAINE / DOMEIN - AV DU DOMAINE (FACE 150) / DOMEINELAAN (VOOR 150),"50.810875, 4.329158",79.9585255857,4.329158,50.810875,5252917.01789,10118654.8181,POINT (4.329158 50.81087500000001)
142,50.857319,4.386724,BIENFAITEURS/WELDOENERS - AVENUE ROGIER / ROGIERLAAN 269/271,"50.857319, 4.386724",80.4903853552,4.386724,50.857319,5246106.67074,10123672.3091,POINT (4.386724 50.857319)
248,50.795704,4.373631,PRINCE DE LIGNE / PRINCE LIJN - CHEE DE WATERLOO FACE 1170 / WATERLOOSESTEENWEG VOOR 1170,"50.795704, 4.373631",62.1369312726,4.373631,50.795704,5254967.84154,10122758.414,POINT (4.373631 50.795704)
192,50.851562,4.332924,"AUBERGE DE JEUNESSE - RUE DELAUNOY/STRAAT ,67","50.851562, 4.332924",74.2513194068,4.332924,50.851562,5247079.83135,10118822.0644,POINT (4.332924 50.851562)
300,50.801434,4.392831,GARE DE BOONDAELSTATION - AV DE LA FORET 23 / VORSTLAAN 23,"50.801434, 4.392831",65.854832127,4.392831,50.801434,5254092.66458,10124476.219,POINT (4.392831 50.801434)
112,50.821567,4.356508,PAGE-EDELKNAAP  -  CHAUSSEE DE WATERLOO/  WATERLOOSE STEENWEG 440 - 442,"50.821567, 4.356508",72.9389813864,4.356508,50.821567,5251310.54186,10121090.4779,POINT (4.356508 50.821567)
283,50.893158,4.376931,PISCINE / ZWEMBAD - RUE DE LOMBARTZYDE / LOMBARDSIJDESTRAAT,"50.893158, 4.376931",49.5888810612,4.376931,50.893158,5241004.92232,10122626.317,POINT (4.376931 50.893158)
204,50.837326,4.293932,DUPUIS - BD SYLVAIN DUPUIS / SYLVAIN DUPUISLAAN 209-211-213,"50.837326, 4.293932",62.051770852,4.293932,50.837326,5249222.62467,10115347.3161,POINT (4.293932 50.837326)
208,50.832565,4.294311,MELBA - AV NELLIE MELBA (FACE 1 a 9) / NELLIE MELBALAAN (TEGENOVER 1 tot 9),"50.832565, 4.294311",72.1587172494,4.294311,50.832565,5249903.45701,10115401.5186,POINT (4.294311 50.832565)
100,50.838411,4.37302,GARE DE LUXEMBOURG/LUXEMBURGSTATION - RUE DE TREVES / TRIERSTRAAT,"50.838411, 4.37302",64.1335131941,4.37302,50.838411,5248852.33247,10122514.1105,POINT (4.37302 50.838411)
37,50.83795,4.353019,POELAERT - PLACE POELAERT/POELAERTPLEIN 3,"50.83795, 4.353019",64.669227351,4.353019,50.83795,5248973.90031,10120702.5756,POINT (4.353019 50.83795)
71,50.815019,4.371982,LEGRAND - AV LOUISE/LOUIZALAAN 525,"50.815019, 4.371982",67.2092026481,4.371982,50.815019,5252205.38825,10122523.3096,POINT (4.371982 50.815019)
120,50.832872,4.37483,BLYCKAERTS - PLACE RAYMOND BLYCKAERTS/RAYMOND BLYCKAERTSPLEIN,"50.832872, 4.37483",61.3202421257,4.37483,50.832872,5249640.448,10122702.7351,POINT (4.37483 50.832872)
331,50.842319,4.406295,GEORGES HENRI - AV GEORGES HENRI,"50.842319, 4.406295",71.5851554384,4.406295,50.842319,5248198.53466,10125513.4775,POINT (4.406295 50.842319)
185,50.835797,4.401599,PERE DE DEKEN/PATER DE DEKEN - RUE PÈRE DE DEKEN/ PATER DE DEKENSTRAAT 40,"50.835797, 4.401599",54.7699059658,4.401599,50.835797,5249145.84625,10125117.1721,POINT (4.401599 50.835797)
334,50.855593,4.439625,MARCEL THIRY - AV MARCEL THIRY FACE 23,"50.855593, 4.439625",65.42609246,4.439625,50.855593,5246201.55191,10128473.521,POINT (4.439625 50.855593)
214,50.816002,4.295121,CAMPUS CERIA / CAMPUS VAN CERIA - AV EMILE GRYSON (FACE 6 a 10) / EMILE GRYSONLAAN (TEGENOVER 6 tot 10),"50.816002, 4.295121",64.0516170237,4.295121,50.816002,5252273.68854,10115544.0477,POINT (4.295121 50.816002)
101,50.869204,4.291663,ZELLIK - CHAUSSEE DE ZELLIK 4,"50.869204, 4.291663",67.6554981801,4.291663,50.869204,5244664.44598,10115009.0956,POINT (4.291663 50.869204)
59,50.849681,4.375312,PLACE ST-JOSSE/ST-JOOSTPLEIN  -  RUE WILLEMS (FACE 5 - 11) / WILLEMSSTRAAT (TEGENOVER 5 - 11),"50.849681, 4.375312",72.3674245333,4.375312,50.849681,5247232.24327,10122672.0567,POINT (4.375312 50.849681)
17,50.855358,4.339465,COMTE DE FLANDRE/GRAAF VAN VLAANDEREN - RUE SAINTE-MARIE / SINT-MARIASTRAAT,"50.855358, 4.339465",65.7226614057,4.339465,50.855358,5246518.56258,10119398.5356,POINT (4.339465 50.855358)
242,50.803791,4.333321,MAISON COMMUNALE D'UCCLE/UKKEL GEMEENTEHUIS - PLACE JEAN VANDER ELST / JEAN VANDER ELST PLEIN,"50.803791, 4.333321",70.5791503184,4.333321,50.803791,5253920.57566,10119063.0919,POINT (4.333321 50.803791)
173,50.864656,4.394448,BICHON - PLACE BICHON / BICHONPLEIN,"50.864656, 4.394448",65.8663886407,4.394448,50.864656,5245034.53825,10124339.2717,POINT (4.394448 50.864656)
165,50.879668,4.33425,CIMETIERE DE JETTE / KERKHOF JETTE - BLD DE SMET DE NAEYER (FACE AU 322)/ DE SMET DE NAEYERSTRAAT (TEGENOVER 322),"50.879668, 4.33425",60.251589968,4.33425,50.879668,5243052.98161,10118821.6487,POINT (4.33425 50.879668)
215,50.836864,4.317321,CUREGHEM / KUREGEM - AV RAYMOND VANDER BRUGGEN / VANDEN BRUGGENLAAN,"50.836864, 4.317321",60.8126910815,4.317321,50.836864,5249226.55086,10117470.2117,POINT (4.317321 50.836864)
360,50.84157,4.46577,"STOCKEL/STOKKEL - AVENUE D'OPHEMLAAN, 1-3","50.84157, 4.46577",85.1274876709,4.46577,50.84157,5248131.77095,10130908.6261,POINT (4.46577 50.84157)
352,50.814264,4.443479,ROUGE-CLOÎTRE - RUE DU ROUGE-CLOÎTRE (PARKING CENTRE D'ART) / ROOD-KLOOSTERSTRAAT (PARKING KUNSTENCENTRUM),"50.814264, 4.443479",64.1130886905,4.443479,50.814264,5252108.1966,10129014.7313,POINT (4.443479 50.814264)
160,50.877501,4.380315,ELISA - PLACE PRINCESSE ELISABETH / PRINSES ELISABETHPLEIN 8 - 19,"50.877501, 4.380315",65.7374033112,4.380315,50.877501,5243235.95851,10123002.0119,POINT (4.380315 50.877501)
132,50.816338,4.433895,DEUX CHAUSSEES - CHEE DE TERVURENLAAN FACE/TEGENOVER 93A,"50.816338, 4.433895",71.5370459877,4.433895,50.816338,5251839.26362,10128135.4696,POINT (4.433895000000001 50.816338)
222,50.817162,4.280012,MERCKX - ROUTE DE LENNIK / LENNIKSEBAAN,"50.817162, 4.280012",78.9897554476,4.280012,50.817162,5252147.2069,10114168.1086,POINT (4.280012 50.817162)
77,50.827399,4.355281,PAUL JANSON - CHAUSSEE DE CHARLEROI/ CHARLEROISESTEENWEG 159,"50.827399, 4.355281",67.6222090507,4.355281,50.827399,5250478.64892,10120953.7087,POINT (4.355281 50.827399)
91,50.867773,4.335217,BELGICA - PLACE WERRIE/ WERRIEPLEIN 24,"50.867773, 4.335217",60.9452905171,4.335217,50.867773,5244752.87953,10118960.2667,POINT (4.335217 50.867773)
10,50.841345,4.351729,CHAPELLE/KAPEL - PLACE DE LA CHAPELLE/KAPELLEPLEIN,"50.841345, 4.351729",69.3739588173,4.351729,50.841345,5248491.30885,10120570.8366,POINT (4.351729 50.841345)
364,50.880887,4.374248,DOCKS BRUXSEL - AVENUE JULES VAN PRAETLAAN,"50.880887, 4.374248",80.5187830018,4.374248,50.880887,5242768.3723,10122437.7132,POINT (4.374248 50.88088700000001)
