,latitude,longitude,pm2.5,long_wgs84,lat_wgs84,E_utm,N_utm,geometry
72,50.812489,4.379203,54.97996917698147,4.379203,50.812489,5252547.527393543,10123189.828753345,POINT (4.379203 50.812489)
207,50.833424,4.313378,72.82546320391995,4.313378,50.833424,5249729.759845683,10117127.195791587,POINT (4.313378 50.833424)
297,50.804455,4.426369,60.455388360744585,4.426369,50.804455,5253563.373168153,10127507.166053902,POINT (4.426369 50.804455)
298,50.877037,4.300847,70.52208620465,4.300847,50.877037,5243519.045647868,10115808.214004762,POINT (4.300847 50.877037)
96,50.863875,4.358708,69.05063337838851,4.358708,50.863875,5245246.46044135,10121105.10343254,POINT (4.358708 50.863875)
113,50.820042,4.374785,84.99256132808732,4.374785,50.820042,5251478.061107575,10122755.436889967,POINT (4.374785 50.820042)
235,50.810085,4.324864,73.15188930462119,4.324864,50.810085,5253041.818482512,10118268.447430158,POINT (4.324864 50.810085)
36,50.845124,4.351486,48.17231847904277,4.351486,50.845124,5247950.871467899,10120532.37104323,POINT (4.351486 50.845124)
240,50.81418,4.347721,73.4231465135631,4.347721,50.81418,5252392.878585758,10120325.311574606,POINT (4.347721 50.81418)
281,50.895485,4.341311,80.41138143164558,4.341311,50.895485,5240770.344441544,10119392.783705,POINT (4.341311 50.895485)
228,50.816525,4.336212,85.3773133771023,4.336212,50.816525,5252088.479307335,10119270.752286272,POINT (4.336212 50.816525)
253,50.872475,4.314266,58.88422113034993,4.314266,50.872475,5244136.316419168,10117042.623385945,POINT (4.314266 50.872475)
245,50.798988,4.375581,78.97842058452242,4.375581,50.798988,5254491.849469325,10122920.93694525,POINT (4.375581 50.798988)
333,50.856582,4.430988,70.3697069223202,4.430988,50.85658200000001,5246085.214761557,10127686.362544354,POINT (4.430988 50.856582)
95,50.87808,4.34793,71.22111310458676,4.34793,50.87808,5243242.942040636,10120067.14268906,POINT (4.34793 50.87808)
256,50.874767,4.308977,64.6128604402898,4.308977,50.874767,5243822.368832075,10116553.96591074,POINT (4.308977 50.874767)
224,50.824352,4.334465,64.68996314546185,4.334465,50.824352000000005,5250972.1339842845,10119078.58891348,POINT (4.334465 50.824352)
16,50.835968,4.355508,58.979137347094095,4.355508,50.835968,5249250.85306216,10120936.911753992,POINT (4.355508 50.835968)
2,50.836151,4.326019,79.7295363376424,4.326019,50.836151,5249305.227099062,10118261.998813614,POINT (4.326019 50.836151)
305,50.895592,4.387965,55.9877141982178,4.387965,50.895592,5240625.663354465,10123613.98380157,POINT (4.387965 50.895592)
98,50.85904,4.312402,74.78644088626471,4.312402,50.85904,5246064.492381795,10116930.508267311,POINT (4.312402 50.85904)
166,50.876205,4.337137,75.15979111134425,4.337137,50.876205,5243540.766217006,10119097.930216212,POINT (4.337137 50.876205)
39,50.834237,4.350732,82.60309302018099,4.350732,50.834237,5249511.910220725,10120511.34319669,POINT (4.350732 50.834237)
88,50.873354,4.334311,90.66235596746387,4.334311,50.873354,5243956.500061857,10118854.256361172,POINT (4.334311 50.873354)
258,50.862152,4.323353,73.90469832069581,4.323353000000001,50.862152,5245589.607413303,10117909.534189008,POINT (4.323353 50.862152)
193,50.848866,4.320628,64.77070657831476,4.320628,50.848866,5247499.063064127,10117719.090634247,POINT (4.320628 50.848866)
233,50.813858,4.330992,93.37499642779942,4.330992,50.813858,5252484.719123761,10118808.492249537,POINT (4.330992 50.813858)
141,50.860652,4.358116,78.20510906661093,4.358116,50.860652,5245709.466267957,10121065.550905595,POINT (4.358116 50.860652)
203,50.84045,4.305055,60.7188092929276,4.305055,50.84045,5248745.80200733,10116342.845132515,POINT (4.305055 50.84045)
48,50.849358,4.363589,71.89159802555929,4.363589,50.849358,5247311.184790859,10121610.95031228,POINT (4.363589 50.849358)
327,50.874082,4.362205,75.30254916325596,4.362205,50.874082,5243775.798364229,10121377.192135777,POINT (4.362205 50.874082)
103,50.834792,4.364115,86.83710559657976,4.364115,50.83479200000001,5249395.405225556,10121722.563734196,POINT (4.364115 50.834792)
30,50.853666,4.351771,75.08526098220752,4.351771,50.853666,5246727.081968284,10120521.05790186,POINT (4.351771 50.853666)
169,50.877125,4.387515,70.43467702066827,4.387515,50.877125,5243269.504332147,10123655.614000075,POINT (4.387515 50.877125)
84,50.85896,4.330107,83.46554548654859,4.330107,50.85896,5246028.3227705285,10118535.09781848,POINT (4.330107 50.85896)
259,50.859608,4.33409,73.39896920876485,4.33409,50.859608,5245924.755041778,10118893.213662356,POINT (4.33409 50.859608)
62,50.84177,4.38418,90.31931024294923,4.38418,50.841770000000004,5248340.007422433,10123511.039309205,POINT (4.38418 50.84177)
275,50.896278,4.372427,79.78697409438216,4.372427,50.896278,5240571.087897676,10122204.96589752,POINT (4.372427 50.896278)
174,50.853947,4.31635,81.31947040206413,4.31635,50.853947,5246783.07327116,10117309.803400982,POINT (4.31635 50.853947)
354,50.821557,4.402288,77.85976859375573,4.402288,50.821557,5251183.184176486,10125243.927688036,POINT (4.402288 50.821557)
69,50.827577,4.363797,61.48961257537547,4.363797,50.827577,5250429.550102347,10121725.399043202,POINT (4.363797 50.827577)
60,50.856714,4.362106,75.79256547120455,4.362106,50.856714,5246262.166202052,10121444.302885635,POINT (4.362106 50.856714)
310,50.88058,4.401674,55.789188348580794,4.401674,50.88058,5242734.89907785,10124922.079259925,POINT (4.401674 50.88058)
261,50.86879,4.399587,74.12542227205728,4.399587,50.86879,5244428.210355145,10124786.184245259,POINT (4.399587 50.86879)
277,50.881588,4.373817,66.60560461732048,4.373817,50.881588,5242669.257102818,10122395.596988574,POINT (4.373817 50.881588)
326,50.809406,4.443777,77.08301288059948,4.443777,50.809406,5252803.1659993315,10129064.360315874,POINT (4.443777 50.809406)
97,50.858058,4.318689,82.53802309764812,4.318689,50.85805800000001,5246188.239581631,10117504.340585299,POINT (4.318689 50.858058)
26,50.839413,4.328914,76.74329918850933,4.328914,50.839413,5248830.270885629,10118510.574588632,POINT (4.328914 50.839413)
243,50.811752,4.353424,59.13472633465538,4.353424,50.811752,5252724.969706646,10120853.450898044,POINT (4.353424 50.811752)
320,50.887001,4.310701,66.64194692134971,4.310701,50.887001,5242066.866090996,10116658.546851762,POINT (4.310701 50.887001)
177,50.849409,4.389263,74.24342847728722,4.389263,50.849409,5247231.910582866,10123937.716561593,POINT (4.389263 50.849409)
184,50.831592,4.385786,60.2463571752252,4.385786,50.831592,5249792.925471415,10123702.031802177,POINT (4.385786 50.831592)
52,50.859212,4.34551,94.76715180021887,4.34551,50.859212,5245950.297909911,10119929.653030887,POINT (4.34551 50.859212)
47,50.854714,4.347151,44.50986568945352,4.347151,50.854714,5246589.738593256,10120097.83016325,POINT (4.347151 50.854714)
143,50.857218,4.407879,78.99485017347382,4.407879,50.857218,5246060.94992404,10125589.595277421,POINT (4.407879 50.857218)
167,50.869032,4.309731,62.136566337501066,4.309731,50.869032,5244641.247197829,10116646.399590801,POINT (4.309731 50.869032)
137,50.86661,4.373102,62.11828748514304,4.373102,50.86661,5244814.95570821,10122396.986250382,POINT (4.373102 50.86661)
226,50.819939,4.325277,63.06779184172085,4.325277,50.819939,5251629.140083874,10118263.878177997,POINT (4.325277 50.819939)
146,50.859243,4.401022,74.20112123598224,4.401022,50.859243,5245790.674828898,10124959.167996705,POINT (4.401022 50.859243)
76,50.825749,4.345165,94.03252387307128,4.345165,50.825749,5250742.81424688,10120043.240756191,POINT (4.345165 50.825749)
85,50.8572655241,4.33236837869,77.96517077013688,4.33236837869,50.8572655241,5246264.776635388,10118747.261452975,POINT (4.33236837869 50.8572655241)
350,50.848184,4.425621,61.49769277396819,4.425621,50.848184,5247303.071894966,10127238.5802936,POINT (4.425621 50.848184)
21,50.851919,4.352776,68.43974015521539,4.352776,50.851919,5246974.430075538,10120619.738080982,POINT (4.352776 50.851919)
34,50.84563,4.346942,75.46312944793448,4.346942,50.84563,5247890.909615621,10120118.254505094,POINT (4.346942 50.84563)
260,50.86702,4.406995,55.68399698575101,4.406995,50.86702,5244660.400509951,10125465.144884817,POINT (4.406995 50.86702)
139,50.863872,4.366741,61.52568141873743,4.366741,50.863872,5245224.610739247,10121832.832210809,POINT (4.366741 50.863872)
29,50.856584,4.352877,75.74677445933176,4.352877,50.856584000000005,5246306.284130798,10120608.589908313,POINT (4.352877 50.856584)
73,50.823898,4.367752,60.488379920171404,4.367752,50.823898,5250945.444708755,10122100.345499849,POINT (4.367752 50.823898)
220,50.825706,4.288377,69.31365688642538,4.288377,50.825706,5250901.452791233,10114891.767944032,POINT (4.288377 50.825706)
223,50.824055,4.326376,68.5592194933844,4.326376,50.824055,5251036.619000625,10118346.018296985,POINT (4.326376 50.824055)
349,50.833444,4.334857,52.16884003507417,4.334857,50.833444,5249668.923615468,10119075.082303893,POINT (4.334857 50.833444)
152,50.852389,4.387373,67.52390686513809,4.387373,50.852389,5246810.615281698,10123753.116004914,POINT (4.387373 50.852389)
237,50.827972,4.330705,78.41899279424884,4.330705,50.827972,5250463.878606568,10118721.97192981,POINT (4.330705 50.827972)
191,50.853973,4.38374,95.31033599968356,4.38374,50.853973,5246594.094706531,10123416.822143752,POINT (4.38374 50.853973)
216,50.828873,4.303918,83.41000493972035,4.303918,50.828873,5250406.78058488,10116288.339491775,POINT (4.303918 50.828873)
23,50.846331,4.355193,62.99630660718442,4.355193,50.846331,5247767.830516151,10120863.154373793,POINT (4.355193 50.846331)
321,50.884251,4.330287,68.6445589509405,4.330287,50.884251,5242407.829573278,10118443.231149007,POINT (4.330287 50.884251)
246,50.796471,4.328415,72.04489946102048,4.328415,50.796471,5254982.690572326,10118649.020329699,POINT (4.328415 50.796471)
230,50.818382,4.346061,87.63581577130607,4.346061,50.818382,5251795.536372064,10120156.449282749,POINT (4.346061 50.818382)
189,50.836924,4.389073,77.3180792216827,4.389073,50.836924,5249020.084319661,10123976.299497664,POINT (4.389073 50.836924)
55,50.853248,4.366188,77.14604322115298,4.366188,50.85324800000001,5246747.029894294,10121829.419591626,POINT (4.366188 50.853248)
311,50.818456,4.40349,64.81094560862391,4.40349,50.818456,5251623.891574107,10125366.990204155,POINT (4.40349 50.818456)
133,50.866795,4.3092224,80.55778184314656,4.3092224,50.866795,5244962.816139516,10116609.749086928,POINT (4.3092224 50.866795)
282,50.890522,4.345112,72.71019327465605,4.345112,50.890522,5241470.123292099,10119758.191333983,POINT (4.345112 50.890522)
134,50.862652,4.316644,64.2144660664927,4.316644,50.862652000000004,5245536.0560157625,10117299.581858767,POINT (4.316644 50.862652)
33,50.848701,4.356055,50.94211323500636,4.356055,50.848701000000005,5247426.116860266,10120930.952490982,POINT (4.356055 50.848701)
252,50.802563,4.315701,68.05167115443894,4.315701000000001,50.802563,5254144.15473457,10117468.625334758,POINT (4.315701 50.802563)
238,50.820278,4.330802,66.18692649194293,4.330802,50.82027800000001,5251565.616709545,10118763.736388013,POINT (4.330802 50.820278)
79,50.84413,4.374871,74.57606183918057,4.374871,50.84413,5248028.255199687,10122656.64155232,POINT (4.374871 50.84413)
236,50.812328,4.318885,61.25280879002773,4.318885,50.812328,5252736.623907802,10117716.222388921,POINT (4.318885 50.812328)
318,50.880539,4.32823,80.97851430013857,4.32823,50.880539,5242944.624285263,10118272.862597352,POINT (4.32823 50.880539)
329,50.847617,4.436084,70.76961895103679,4.436084,50.84761700000001,5247353.755761312,10128189.515152544,POINT (4.436084 50.847617)
308,50.872265,4.352158,72.00361880577165,4.352158,50.872265,5244063.599696246,10120475.25047398,POINT (4.352158 50.872265)
328,50.849988,4.417064,64.69207261115584,4.417064,50.849988,5247069.570182959,10126454.783983992,POINT (4.417064 50.849988)
346,50.81591,4.2737,58.6866497895777,4.2737,50.81591,5252342.999340282,10113600.441394538,POINT (4.2737 50.81591)
335,50.854231,4.444034,85.34693002539562,4.444034,50.854231,5246383.5816554725,10128879.348028636,POINT (4.444034 50.854231)
110,50.826992,4.382379,68.79629088731899,4.382379,50.826992,5250461.309879197,10123413.511244709,POINT (4.382379 50.826992)
5,50.848893,4.349396,67.54056762456115,4.349396,50.848893,5247416.9736740645,10120326.544571018,POINT (4.349396 50.848893)
234,50.809799,4.317546,92.41730940822681,4.317546,50.809799,5253102.521199566,10117605.42615111,POINT (4.317546 50.809799)
197,50.848255,4.314854,70.86764080328183,4.314854,50.848255,5247602.044573612,10117198.30364861,POINT (4.314854 50.848255)
22,50.855969,4.355657,64.47102207814106,4.355657,50.855969,5246386.663133029,10120863.181180552,POINT (4.355657 50.855969)
151,50.853518,4.392491,66.90104808061655,4.392491,50.853518,5246634.498660511,10124211.87895178,POINT (4.392491 50.853518)
291,50.804661,4.327886,79.96204964242905,4.327886,50.804661,5253810.694382351,10118565.944469957,POINT (4.327886 50.804661)
219,50.829491,4.286006,75.1891164136006,4.286006,50.829491,5250365.559579837,10114661.000908382,POINT (4.286006 50.829491)
78,50.823699,4.351623,67.06277396483212,4.351623,50.823699,5251018.668539963,10120637.995990243,POINT (4.351623 50.823699)
254,50.867393,4.320344,71.04899874666954,4.320344,50.867393,5244847.459036442,10117614.665417371,POINT (4.320344 50.867393)
336,50.848578,4.459038,69.80741036359231,4.459038,50.848578,5247148.500799261,10130265.449393097,POINT (4.459038 50.848578)
102,50.83579,4.375782,68.01884376509277,4.375782,50.83579,5249219.915301428,10122776.150389101,POINT (4.375782 50.83579)
279,50.890181,4.336962,48.00733260013248,4.336962,50.890181,5241541.13393914,10119022.024027642,POINT (4.336962 50.890181)
117,50.816029,4.391006,89.47911117543791,4.391006,50.816029,5252007.100719539,10124245.141020738,POINT (4.391006 50.816029)
188,50.857235,4.324354,93.67734084838422,4.324354,50.857235,5246290.821146217,10118021.168978302,POINT (4.324354 50.857235)
362,50.872501,4.290218,70.36288530019466,4.290218,50.872501,5244196.306047527,10114864.529898278,POINT (4.290218 50.872501)
200,50.843967,4.313537,82.07217183409747,4.313537,50.843967,5248219.556403224,10117097.047122665,POINT (4.313537 50.843967)
199,50.843693,4.304986,68.03273714246984,4.304986,50.843693,5248281.599852621,10116322.970030693,POINT (4.304986 50.843693)
83,50.86284,4.33126,68.92614547586936,4.33126,50.86284,5245469.7566939825,10118622.957463918,POINT (4.33126 50.86284)
344,50.830179,4.337958,83.84982774697927,4.337958,50.830179,5250128.064758465,10119370.375960361,POINT (4.337958 50.830179)
255,50.868011,4.313968,68.0412376214203,4.313968000000001,50.868011,5244776.085739986,10117034.494746795,POINT (4.313968 50.868011)
358,50.82708,4.444795,83.74957171634796,4.444795,50.82708000000001,5250268.817259619,10129074.533068003,POINT (4.444795 50.82708)
301,50.806271,4.387673,86.4048905963339,4.387673000000001,50.806271,5253414.3489956865,10123986.307019517,POINT (4.387673 50.806271)
148,50.855629,4.394807,81.10496194927988,4.394807,50.85562900000001,5246325.717298706,10124412.286618577,POINT (4.394807 50.855629)
80,50.814852,4.376794,79.65057341994427,4.376794,50.814852,5252215.816907956,10122960.72368301,POINT (4.376794 50.814852)
31,50.850303,4.360706,64.44663177672604,4.360706,50.850303000000004,5247183.884176226,10121345.505630622,POINT (4.360706 50.850303)
19,50.827955,4.347791,65.12383391505321,4.347791,50.827955,5250419.658969926,10120271.885992574,POINT (4.347791 50.827955)
107,50.827652,4.359031,84.9539865902494,4.359031,50.827652,5250432.038067251,10121292.758695478,POINT (4.359031 50.827652)
86,50.876195,4.324477,61.45598140101208,4.324477,50.876195,5243576.46681173,10117951.560556086,POINT (4.324477 50.876195)
269,50.860859,4.421375,70.68077070153264,4.421375,50.860859,5245500.885851411,10126795.790197708,POINT (4.421375 50.860859)
28,50.842005,4.3305,59.19505304017811,4.3305,50.842005,5248454.81038252,10118643.28271642,POINT (4.3305 50.842005)
99,50.864992,4.338431,92.67483292995976,4.338431,50.864992,5245142.218534654,10119263.361883435,POINT (4.338431 50.864992)
213,50.821018,4.293865,68.08360912180434,4.293865,50.821018,5251558.489917393,10115409.166326473,POINT (4.293865 50.821018)
266,50.877552,4.409136,59.598289628651656,4.409136,50.87755200000001,5243146.906017258,10125611.354706394,POINT (4.409136 50.877552)
288,50.802711,4.358842,70.934140037362,4.358842,50.802711,5254005.177737739,10121384.753926858,POINT (4.358842 50.802711)
147,50.861874,4.372146,79.81898595585163,4.372146,50.861874,5245495.551756827,10122331.288958766,POINT (4.372146 50.861874)
345,50.802675,4.412073,63.780317122084675,4.412073,50.802675,5253859.786165668,10126217.517402973,POINT (4.412073 50.802675)
119,50.82559,4.379555,69.32177543446659,4.379555,50.82559,5250670.0525275925,10123163.579108648,POINT (4.379555 50.82559)
317,50.819546,4.421198,69.80486005105764,4.421198,50.819546,5251416.761578816,10126968.691360915,POINT (4.421198 50.819546)
89,50.8711927451,4.32992476564,70.04904148146906,4.32992476564,50.8711927451,5244277.733123297,10118466.267672837,POINT (4.32992476564 50.8711927451)
225,50.821117,4.342008,62.08569671534931,4.342008,50.821117,5251414.898010848,10119776.867175525,POINT (4.342008 50.821117)
247,50.79586,4.32058,58.61814833064216,4.32058,50.79586,5255091.42973203,10117940.117382653,POINT (4.32058 50.79586)
131,50.81329,4.434751,80.24089688429312,4.434751,50.81329,5252273.332382649,10128227.222860431,POINT (4.434751 50.81329)
58,50.859181,4.35942,76.4073774914899,4.35942,50.859181,5245916.43834902,10121190.126832262,POINT (4.35942 50.859181)
355,50.837714,4.369117,97.41334289816965,4.369117,50.837714,5248963.044566955,10122163.289269127,POINT (4.369117 50.837714)
66,50.843359,4.379946,80.08993494404044,4.379946,50.843359,5248124.408471069,10123120.128623243,POINT (4.379946 50.843359)
264,50.870983,4.397506,65.42263596402356,4.397506,50.870983,5244120.251590303,10124587.850245325,POINT (4.397506 50.870983)
182,50.83168,4.404769,88.39510534439243,4.404769,50.83168,5249726.332509986,10125423.233768515,POINT (4.404769 50.83168)
93,50.85062,4.381152,74.86128549690123,4.381152,50.85062,5247081.414120682,10123197.192928415,POINT (4.381152 50.85062)
116,50.818253,4.395749,83.0631588249842,4.395749,50.818253,5251675.067111977,10124665.5343123,POINT (4.395749 50.818253)
9,50.844045,4.345048,54.912696497666545,4.345048,50.844045,5248123.051727556,10119953.421557194,POINT (4.345048 50.844045)
138,50.865218,4.377735,84.3090885072995,4.377735,50.865218,5245001.23797425,10122822.814511789,POINT (4.377735 50.865218)
218,50.845928,4.323812,63.660976910880734,4.323812,50.845928,5247911.160536119,10118020.210188482,POINT (4.323812 50.845928)
244,50.81218,4.368321,72.54651810311333,4.368321,50.81218,5252622.293103894,10122203.594364837,POINT (4.368321 50.81218)
159,50.869297,4.36257,82.1424850770036,4.36257,50.869297,5244459.661974928,10121431.20870361,POINT (4.36257 50.869297)
186,50.861783,4.302607,79.88472896550479,4.302607,50.861783,5245697.876581779,10116031.48133695,POINT (4.302607 50.861783)
27,50.838733,4.32176,38.643553100061254,4.32176,50.838733,5248946.967691591,10117864.795407359,POINT (4.32176 50.838733)
150,50.854654,4.398451,83.62360610765379,4.398451,50.854654,5246454.934019737,10124746.870878438,POINT (4.398451 50.854654)
181,50.835723,4.394395,69.6431636257434,4.394395,50.835723,5249176.967899464,10124464.260600688,POINT (4.394395 50.835723)
273,50.854824,4.306209,93.11879992315656,4.306209,50.854824,5246684.589771306,10116387.069385918,POINT (4.306209 50.854824)
126,50.837288,4.43462,81.79272690697294,4.43462,50.837288,5248836.917711632,10128104.503496632,POINT (4.43462 50.837288)
198,50.847649,4.307714,64.446354969567,4.307714,50.847649,5247707.884540427,10116553.645634294,POINT (4.307714 50.847649)
61,50.843836,4.378002,73.57519095831722,4.378002,50.843836,5248061.571350082,10122941.779744841,POINT (4.378002 50.843836)
8,50.845683,4.368582,84.18576375764857,4.368582,50.845683,5247823.467915191,10122079.683373218,POINT (4.368582 50.845683)
153,50.854128,4.378002,88.12393766283381,4.378002,50.854128,5246588.038189142,10122896.15181019,POINT (4.378002 50.854128)
262,50.87693,4.400722,92.01170663845765,4.400722,50.87693,5243259.964040664,10124852.325729778,POINT (4.400722 50.87693)
154,50.851241,4.396386,60.31225013067743,4.396386,50.851241,5246949.422162587,10124575.077031711,POINT (4.396386 50.851241)
295,50.793682,4.418497,71.44288310229595,4.418497,50.793682,5255129.6383146765,10126841.804469803,POINT (4.418497 50.793682)
306,50.889603,4.373967,77.76373429690075,4.373967,50.889603,5241521.888484845,10122373.783826036,POINT (4.373967 50.889603)
359,50.867708,4.357532,70.60103564281339,4.357532,50.867708,5244701.047609756,10120981.835281726,POINT (4.357532 50.867708)
299,50.80941,4.386541,76.61711555178928,4.386541,50.80941,5252967.881051315,10123869.532518143,POINT (4.386541 50.80941)
38,50.837912,4.347421,76.67631806869204,4.347421,50.837912,5248994.745058091,10120195.140818402,POINT (4.347421 50.837912)
11,50.8405,4.356878,73.23325053511101,4.356878,50.8405,5248598.097616951,10121041.354639096,POINT (4.356878 50.8405)
176,50.852356,4.408635,66.7182697235483,4.408635,50.852356,5246754.810928845,10125680.125049826,POINT (4.408635 50.852356)
1,50.836304,4.41505,63.73984870352393,4.41505,50.836304,5249034.640879809,10126334.55921535,POINT (4.41505 50.836304)
92,50.875826,4.329921,85.19628645708512,4.329921,50.875826,5243614.583649678,10118446.115452485,POINT (4.329921 50.875826)
15,50.837036,4.406826,70.71468671465199,4.406826,50.837036,5248953.4707829775,10125585.532942317,POINT (4.406826 50.837036)
180,50.837726,4.381565,70.47854353965245,4.381565,50.837726,5248926.437851647,10123291.942675894,POINT (4.381565 50.837726)
105,50.829631,4.3692,77.16157585045391,4.3692,50.829631,5250120.334098653,10122206.436468195,POINT (4.3692 50.829631)
18,50.84771,4.377552,63.995939448786395,4.3775520000000006,50.84771,5247508.158488176,10122883.814819206,POINT (4.377552 50.84771)
357,50.834634,4.456746,70.11531964881088,4.456746,50.834634,5249151.753950758,10130123.08315958,POINT (4.456746 50.834634)
257,50.872169,4.298216,84.98962829605297,4.298216,50.872169,5244222.768624901,10115590.285346234,POINT (4.298216 50.872169)
111,50.827831,4.431822,61.40362447617333,4.431822,50.827831,5250199.310905617,10127894.390969902,POINT (4.431822 50.827831)
20,50.843613,4.360628,87.9506295454124,4.360628000000001,50.843613,5248141.968517531,10121367.723237447,POINT (4.360628 50.843613)
251,50.800377,4.326985,71.20360298721516,4.326985,50.800377,5254426.914204659,10118502.461571647,POINT (4.326985 50.800377)
183,50.829928,4.390357,71.50384062539187,4.390357,50.829928,5250018.28867738,10124124.033276416,POINT (4.390357 50.829928)
145,50.859096,4.379117,69.4007017796718,4.379117,50.85909600000001,5245873.702783671,10122975.155947214,POINT (4.379117 50.859096)
179,50.839217,4.398015,63.44014855324092,4.398015,50.839217,5248666.3515745485,10124776.796155317,POINT (4.398015 50.839217)
294,50.798344,4.419014,75.73239454241124,4.419014,50.798344,5254460.203931649,10126867.439752003,POINT (4.419014 50.798344)
265,50.867241,4.40287,62.32905279373372,4.40287,50.86724100000001,5244640.56076062,10125090.518090662,POINT (4.40287 50.867241)
124,50.818283,4.363568,72.84887704731179,4.363568,50.81828300000001,5251761.334706513,10121745.429012366,POINT (4.363568 50.818283)
40,50.833931,4.343155,53.65040316158978,4.343155,50.833931,5249576.533388492,10119825.527704922,POINT (4.343155 50.833931)
356,50.829715,4.455151,48.12180491731948,4.455151,50.829715,5249860.86364839,10130001.492440289,POINT (4.455151 50.829715)
211,50.816528,4.290832,76.87364932183513,4.290832,50.816528,5252209.653026083,10115152.631868483,POINT (4.290832 50.816528)
122,50.822207,4.389325,56.10353792356014,4.389325,50.822207,5251126.989240035,10124064.966363605,POINT (4.389325 50.822207)
239,50.8187714,4.350961,74.04673198386084,4.350961,50.8187714,5251726.281287862,10120599.372788506,POINT (4.350961 50.8187714)
135,50.872744,4.376647,84.01808339886337,4.376647,50.872744000000004,5243927.0679323925,10122690.943891281,POINT (4.376647 50.872744)
67,50.83975,4.385426,72.45308233405903,4.385426000000001,50.83975,5248625.731718617,10123633.007122744,POINT (4.385426 50.83975)
24,50.855268,4.358717,68.26022620131408,4.358717,50.855268,5246478.564163759,10121143.531870551,POINT (4.358717 50.855268)
121,50.823986,4.37379,64.97120682678033,4.37379,50.823986,5250915.9628341785,10122647.715039695,POINT (4.37379 50.823986)
330,50.847546,4.450015,67.21190136988757,4.450015,50.847546,5247322.975487493,10129452.493992463,POINT (4.450015 50.847546)
353,50.815681,4.40812,70.13065070378725,4.40812,50.815681,5252008.084063233,10125799.666212516,POINT (4.40812 50.815681)
6,50.845333,4.356475,67.12908301361068,4.356475,50.845333,5247907.185391168,10120983.720580032,POINT (4.356475 50.845333)
161,50.872592,4.379886,88.82578752315538,4.379886,50.872592,5243939.74139111,10122984.945033869,POINT (4.379886 50.872592)
109,50.824048,4.359896,92.00427797962769,4.359896,50.824048000000005,5250945.809924833,10121386.998878,POINT (4.359896 50.824048)
271,50.851158,4.309591,69.29625850896326,4.309591,50.851158,5247200.458668687,10116709.006233867,POINT (4.309591 50.851158)
172,50.869764,4.388191,69.12425348848434,4.388191,50.869764,5244321.121413191,10123749.675540382,POINT (4.388191 50.869764)
263,50.872002,4.403286,57.959479177076545,4.403286,50.872002,5243957.940413943,10125106.716212967,POINT (4.403286 50.872002)
274,50.86002,4.307502,73.16725711024682,4.307502,50.86002,5245937.261617604,10116482.394005336,POINT (4.307502 50.86002)
278,50.894005,4.331902,54.65453646196373,4.331902,50.894005,5241007.670278739,10118547.683254221,POINT (4.331902 50.894005)
68,50.840282,4.380131,65.3028456410952,4.380131,50.840282,5248564.473640694,10123150.56500703,POINT (4.380131 50.840282)
125,50.817392,4.354105,70.45776678582935,4.354105,50.817392,5251915.189257166,10120890.663411913,POINT (4.354105 50.817392)
339,50.845365,4.41788,57.878419822601096,4.41788,50.845365,5247729.087918564,10126549.827127613,POINT (4.41788 50.845365)
90,50.867448,4.326807,70.51799091350503,4.326807,50.867448,5244822.178883843,10118199.867451007,POINT (4.326807 50.867448)
249,50.794186,4.366336,82.18376717221874,4.366336,50.794186,5255205.75241602,10122102.642653788,POINT (4.366336 50.794186)
332,50.845229,4.404311,78.55841376766095,4.404311,50.84522900000001,5247787.563068286,10125320.466478962,POINT (4.404311 50.845229)
163,50.859112,4.39157,74.00862905497102,4.39157,50.859112,5245836.293553993,10124103.377650116,POINT (4.39157 50.859112)
127,50.832194,4.377694,71.15495484171811,4.377694,50.832194,5249729.507011816,10122965.475585068,POINT (4.377694 50.832194)
64,50.832749,4.331058,74.23000779147763,4.331058,50.832749,5249778.77699934,10118733.52428752,POINT (4.331058 50.832749)
74,50.831936,4.353037,74.67451466386167,4.353037,50.831936,5249835.080016878,10120730.397575572,POINT (4.353037 50.831936)
209,50.828602,4.299621,66.85526645896357,4.299621,50.828602,5250456.998820105,10115899.699016796,POINT (4.299621 50.828602)
194,50.885885,4.342003,94.69262052015995,4.342003,50.885885,5242142.166253769,10119496.804552227,POINT (4.342003 50.885885)
324,50.819641,4.412926,80.45019279750483,4.412926,50.819641,5251427.063336694,10126217.753447467,POINT (4.412926 50.819641)
241,50.803917,4.349116,77.24372757773718,4.349116,50.803917,5253859.279749526,10120496.50651222,POINT (4.349116 50.803917)
81,50.870259,4.343195,67.30160780484309,4.343195,50.870259,5244375.298674348,10119672.178878257,POINT (4.343195 50.870259)
268,50.862808,4.410791,69.32752015240015,4.410791,50.862808,5245252.408169837,10125828.082207046,POINT (4.410791 50.862808)
205,50.835503,4.299573,70.62300875616113,4.299573,50.835503,5249468.78553779,10115866.47660798,POINT (4.299573 50.835503)
319,50.885197,4.317648,74.77789340772294,4.317648,50.885197,5242306.471033701,10117295.033429459,POINT (4.317648 50.885197)
221,50.821846,4.284394,82.14768722188225,4.284394000000001,50.821846,5251464.789797326,10114546.392937165,POINT (4.284394 50.821846)
293,50.810528,4.40231,65.34734875532864,4.40231,50.810528,5252762.8591476595,10125295.726387281,POINT (4.40231 50.810528)
313,50.814958,4.416987,92.13148824464075,4.416987,50.814958,5252086.091044895,10126607.568221057,POINT (4.416987 50.814958)
128,50.832355,4.432358,61.32464231544186,4.432358,50.832355,5249549.897366598,10127922.148632072,POINT (4.432358 50.832355)
4,50.847976,4.343696,68.43003495970703,4.343696,50.847976,5247563.901072398,10119813.859139813,POINT (4.343696 50.847976)
304,50.893497,4.363297,76.83119668673251,4.363297,50.893497,5240994.379063093,10121391.008459635,POINT (4.363297 50.893497)
343,50.861788,4.292913,75.89154987687624,4.292913,50.861788,5245722.7686649645,10115153.155149719,POINT (4.292913 50.861788)
303,50.807903,4.392756,65.53922565548874,4.392756,50.807903,5253166.135642945,10124440.387898423,POINT (4.392756 50.807903)
32,50.850176,4.346384,82.96392422365712,4.346384,50.850176,5247241.547885996,10120047.978816072,POINT (4.346384 50.850176)
296,50.79528,4.40832,81.75895169120056,4.40832,50.795280000000005,5254930.057542373,10125910.359489765,POINT (4.40832 50.79528)
157,50.863388,4.386222,69.58647263314833,4.386222,50.863388,5245239.317102011,10123599.765274437,POINT (4.386222 50.863388)
280,50.897522,4.334831,67.30922224878675,4.334831,50.89752200000001,5240496.501821662,10118797.663220646,POINT (4.334831 50.897522)
53,50.837499,4.335947,80.1812305899134,4.335947,50.837499,5249085.258980641,10119156.49979442,POINT (4.335947 50.837499)
290,50.79158,4.332669,66.13704556934862,4.332669,50.79158,5255671.956156118,10119056.330380926,POINT (4.332669 50.79158)
323,50.855186,4.415246,92.9858411087588,4.415246,50.855186,5246330.666413499,10126266.353113486,POINT (4.415246 50.855186)
56,50.845817,4.383722,76.49259006252635,4.383722,50.845817,5247761.840430451,10123451.498313235,POINT (4.383722 50.845817)
201,50.842667,4.295939,79.33642217752814,4.295939,50.842667,5248452.488134642,10115507.039389635,POINT (4.295939 50.842667)
149,50.856208,4.403386,89.31491524565877,4.403386,50.856208,5246218.392518733,10125187.050977064,POINT (4.403386 50.856208)
196,50.846874,4.29817,73.09686423681255,4.29817,50.846874,5247844.184285325,10115691.73833159,POINT (4.29817 50.846874)
43,50.845256,4.374501,51.8558545644115,4.374501,50.845256,5247868.068791275,10122618.12001138,POINT (4.374501 50.845256)
108,50.828012,4.371756,72.53184808470297,4.371756,50.828012,5250345.055768195,10122445.415180877,POINT (4.371756 50.828012)
286,50.80814,4.336901,77.34667027051745,4.336901,50.80814,5253287.763324029,10119369.378515318,POINT (4.336901 50.80814)
130,50.820244,4.430081,52.23291560642488,4.430081,50.820244,5251290.962282118,10127771.411334148,POINT (4.430081 50.820244)
325,50.821735,4.405622,67.11009955674913,4.405622,50.821735,5251148.144286347,10125545.59315996,POINT (4.405622 50.821735)
106,50.830012,4.378625,71.65735600632374,4.378625,50.830012,5250039.371925811,10123059.591885181,POINT (4.378625 50.830012)
65,50.829985,4.344557,68.77980233207172,4.344557,50.829985,5250137.804443047,10119969.751055337,POINT (4.344557 50.829985)
231,50.805801,4.3194,69.88794270223903,4.3194,50.805801,5253670.297206037,10117790.701759843,POINT (4.3194 50.805801)
250,50.80534,4.372123,75.77103550738195,4.372123,50.80534,5253591.518446927,10122578.878637778,POINT (4.372123 50.80534)
342,50.864761,4.294429,69.0645981694321,4.294429,50.864761,5245293.17538178,10115278.133061169,POINT (4.294429 50.864761)
168,50.866379,4.303281,64.97565540116578,4.303281,50.866379,5245038.159210379,10116073.283842556,POINT (4.303281 50.866379)
13,50.840184,4.341324,73.68679286382837,4.341324,50.840184,5248686.104017141,10119632.483077466,POINT (4.341324 50.840184)
7,50.846319,4.362244,85.22941683833146,4.362244,50.846319,5247750.033576005,10121502.362433325,POINT (4.362244 50.846319)
272,50.850845,4.299659,68.75415526424776,4.299659,50.850845,5247271.662885168,10115810.112557082,POINT (4.299659 50.850845)
41,50.859302,4.35485,65.81597101532364,4.35485,50.859302,5245911.742206459,10120775.528628644,POINT (4.35485 50.859302)
57,50.849761,4.369356,78.92566918888552,4.369356,50.849761,5247237.436217731,10122131.87898919,POINT (4.369356 50.849761)
46,50.843556,4.355006,73.4867704530653,4.355006,50.843556,5248165.681978415,10120858.302002775,POINT (4.355006 50.843556)
49,50.8615,4.351143,74.49189024411274,4.351143,50.8615,5245607.300696251,10120430.099403739,POINT (4.351143 50.8615)
171,50.854789,4.312201,59.65268458524804,4.312201,50.854789,5246673.627153878,10116930.238561913,POINT (4.312201 50.854789)
3,50.853203,4.341823,66.50757293570558,4.341823,50.85320300000001,5246820.650994573,10119621.519508783,POINT (4.341823 50.853203)
114,50.820391,4.385358,63.23646021015338,4.385358,50.820391,5251398.313096665,10123713.170136502,POINT (4.385358 50.820391)
314,50.812325,4.427962,72.1559911032178,4.427962,50.812325,5252431.382634482,10127615.577242352,POINT (4.427962 50.812325)
307,50.881889,4.347448,66.37099128401917,4.347448,50.881889,5242699.137506636,10120007.001076002,POINT (4.347448 50.881889)
289,50.801594,4.340061,89.19520150766978,4.340061,50.801594,5254216.949366233,10119684.475399934,POINT (4.340061 50.801594)
75,50.825888,4.340388,63.56475607814723,4.340388,50.825888,5250735.985773874,10119609.295153564,POINT (4.340388 50.825888)
115,50.817775,4.384971,75.53045157782256,4.384971,50.817775,5251774.099484602,10123689.724126194,POINT (4.384971 50.817775)
158,50.867955,4.379577,81.67739083288231,4.379577,50.867955,5244604.3028576225,10122977.530245738,POINT (4.379577 50.867955)
94,50.849215,4.329184,69.13542176595529,4.329184,50.849215,5247426.004693356,10118493.133146064,POINT (4.329184 50.849215)
54,50.863445,4.34635,71.85403776765918,4.34635,50.863445,5245342.032110488,10119987.433723524,POINT (4.34635 50.863445)
70,50.818113,4.371446,65.5243939106378,4.371446,50.818113000000004,5251763.709274683,10122461.005217284,POINT (4.371446 50.818113)
45,50.83308,4.35743,73.92953327532909,4.35743,50.83308,5249659.113664735,10121123.81825807,POINT (4.35743 50.83308)
136,50.869809,4.371808,56.33839600425045,4.371808,50.869809,5244360.679979615,10122265.663279453,POINT (4.371808 50.869809)
285,50.813469,4.338951,66.8304326248369,4.338951,50.813469,5252518.7644327795,10119532.480493952,POINT (4.338951 50.813469)
104,50.833304,4.366611,70.06543695704296,4.366611,50.833304,5249601.546868343,10121955.456087638,POINT (4.366611 50.833304)
270,50.859127,4.414406,79.60996136641577,4.414406,50.859127,5245768.926949026,10126172.308479287,POINT (4.414406 50.859127)
267,50.86171,4.403147,77.79203839364794,4.403147,50.86171,5245431.467950305,10125140.56476821,POINT (4.403147 50.86171)
348,50.831078,4.398546,82.73079618513013,4.398546,50.831078,5249830.32194394,10124861.57479613,POINT (4.398546 50.831078)
144,50.85778,4.368144,84.35530460302121,4.368144,50.85778,5246092.7787058605,10121986.73650213,POINT (4.368144 50.85778)
229,50.813587,4.324681,66.73793558514235,4.324681,50.813587,5252540.637732703,10118236.8962348,POINT (4.324681 50.813587)
312,50.816948,4.426551,65.66360376474977,4.426551,50.816948,5251773.31959272,10127466.290878126,POINT (4.426551 50.816948)
340,50.843617,4.425324,70.38757276633996,4.425324,50.843617,5247957.8012738,10127232.604995178,POINT (4.425324 50.843617)
63,50.834705,4.421643,65.8769022396135,4.421643,50.83470500000001,5249244.550112384,10126939.69175716,POINT (4.421643 50.834705)
292,50.797739,4.336083,73.36064214477794,4.336083,50.797739,5254780.148062036,10119339.89411163,POINT (4.336083 50.797739)
156,50.847158,4.393255,73.04234453336095,4.393255,50.847158,5247542.879288182,10124309.620459469,POINT (4.393255 50.847158)
284,50.873085,4.35859,62.076395736562965,4.35859,50.873085,5243928.499237191,10121054.179177549,POINT (4.35859 50.873085)
51,50.835699,4.338826,74.1225020366596,4.338826,50.835699,5249335.177187711,10119425.316987028,POINT (4.338826 50.835699)
309,50.87521,4.317954,63.07294807726761,4.317954,50.87521000000001,5243734.977496087,10117365.045647124,POINT (4.317954 50.87521)
175,50.854166,4.322948,93.92418510453999,4.322948,50.854166,5246733.98901494,10117906.824034473,POINT (4.322948 50.854166)
50,50.860862,4.339182,63.965358025409365,4.339182,50.860862,5245731.382726277,10119349.181826962,POINT (4.339182 50.860862)
347,50.81482,4.26534,81.72587195361687,4.26534,50.814820000000005,5252520.799846951,10112846.18958983,POINT (4.26534 50.81482)
164,50.867643,4.385817,80.75255019818722,4.385817,50.867643,5244631.404505477,10123544.114219457,POINT (4.385817 50.867643)
206,50.834755,4.305962,99.0848324435684,4.305962,50.834755,5249558.942204939,10116449.020366782,POINT (4.305962 50.834755)
14,50.839024,4.362168,69.90103297737889,4.362168,50.839024,5248794.796761454,10121527.448820174,POINT (4.362168 50.839024)
190,50.867904,4.390696,72.46693346878193,4.390696,50.867904,5244580.264273592,10123984.869432209,POINT (4.390696 50.867904)
210,50.827873,4.288707,86.42390827224412,4.288707,50.827873,5250590.208657564,10114912.714847513,POINT (4.288707 50.827873)
287,50.809334,4.345243,63.27328595806402,4.345243,50.809334,5253093.882258067,10120121.423770705,POINT (4.345243 50.809334)
118,50.864622,4.297878,72.54172518927251,4.297878,50.864622,5245303.975194412,10115591.170410533,POINT (4.297878 50.864622)
140,50.862704,4.381289,75.35295332788137,4.381289,50.862704,5245351.120464516,10123155.92084111,POINT (4.381289 50.862704)
87,50.871391,4.323914,67.16238482801421,4.323914,50.871391,5244265.58285285,10117921.026770778,POINT (4.323914 50.871391)
315,50.810322,4.435789,75.69298842641687,4.435789,50.810322,5252695.424916123,10128335.14178909,POINT (4.435789 50.810322)
322,50.889523,4.315953,70.85634940278497,4.315953,50.889523,5241691.937940783,10117123.295327242,POINT (4.315953 50.889523)
44,50.841707,4.370986,93.58953161005189,4.370986,50.841707,5248386.060279993,10122315.142521985,POINT (4.370986 50.841707)
82,50.873012,4.341687,78.05936161969542,4.341687,50.873012,5243985.373621046,10119523.720178261,POINT (4.341687 50.873012)
202,50.839554,4.312311,45.211713348943164,4.312311,50.839554,5248854.759524703,10117004.5354482,POINT (4.312311 50.839554)
212,50.827106,4.2925,70.17629043497986,4.2925,50.827106,5250690.082585496,10115259.979244929,POINT (4.2925 50.827106)
123,50.817507,4.366498,81.0708882841145,4.366498,50.817507000000006,5251864.327669438,10122014.703370463,POINT (4.366498 50.817507)
351,50.813724,4.384205,89.32069635555571,4.384205,50.813724,5252356.520254288,10123638.276524607,POINT (4.384205 50.813724)
195,50.8377,4.288726,80.62583101168386,4.288726,50.8377,5249182.765808782,10114873.67362232,POINT (4.288726 50.8377)
338,50.851073,4.452706,77.75572360669946,4.452706,50.851073,5246810.090612064,10129679.910491595,POINT (4.452706 50.851073)
217,50.824913,4.297248,88.99511963743205,4.297248,50.82491300000001,5250991.648506405,10115699.85167059,POINT (4.297248 50.824913)
170,50.87453,4.385378,64.41696351129814,4.385378,50.87453,5243646.922105224,10123473.67431189,POINT (4.385378 50.87453)
187,50.826603,4.397117,59.917401006370056,4.397117,50.826603000000006,5250475.259145354,10124752.099817736,POINT (4.397117 50.826603)
232,50.810875,4.329158,81.30187319933749,4.329158,50.81087500000001,5252917.01789016,10118654.818077698,POINT (4.329158 50.810875)
142,50.857319,4.386724,76.51984311986922,4.386724,50.857319,5246106.6707407925,10123672.309062542,POINT (4.386724 50.857319)
248,50.795704,4.373631,64.51511293537095,4.373631,50.795704,5254967.84154313,10122758.41399565,POINT (4.373631 50.795704)
192,50.851562,4.332924,80.16705160171631,4.332924,50.851562,5247079.831346614,10118822.06438558,POINT (4.332924 50.851562)
300,50.801434,4.392831,78.54316478381591,4.392831,50.801434,5254092.664582593,10124476.219020477,POINT (4.392831 50.801434)
112,50.821567,4.356508,68.94274275454714,4.356508,50.821567,5251310.541864395,10121090.477898363,POINT (4.356508 50.821567)
283,50.893158,4.376931,85.193471486026,4.376931,50.893158,5241004.922317117,10122626.316968624,POINT (4.376931 50.893158)
204,50.837326,4.293932,66.12576279294517,4.293932,50.837326,5249222.624666459,10115347.316097723,POINT (4.293932 50.837326)
208,50.832565,4.294311,79.4682491356911,4.294311,50.832565,5249903.457008218,10115401.518642183,POINT (4.294311 50.832565)
100,50.838411,4.37302,65.92451021852614,4.37302,50.838411,5248852.33246662,10122514.11053822,POINT (4.37302 50.838411)
37,50.83795,4.353019,68.28077582210406,4.353019,50.83795,5248973.900312206,10120702.575641682,POINT (4.353019 50.83795)
71,50.815019,4.371982,75.04715988168417,4.371982,50.815019,5252205.388251621,10122523.309562325,POINT (4.371982 50.815019)
120,50.832872,4.37483,68.9933096288208,4.37483,50.832872,5249640.44800366,10122702.73511004,POINT (4.37483 50.832872)
331,50.842319,4.406295,64.05631317397629,4.406295,50.842319,5248198.534657863,10125513.477538593,POINT (4.406295 50.842319)
185,50.835797,4.401599,61.35675342625504,4.401599,50.835797,5249145.846247828,10125117.17211615,POINT (4.401599 50.835797)
334,50.855593,4.439625,70.14960708474189,4.439625,50.855593,5246201.551905092,10128473.520991685,POINT (4.439625 50.855593)
214,50.816002,4.295121,66.8016061833473,4.295121,50.816002,5252273.688544069,10115544.047742333,POINT (4.295121 50.816002)
101,50.869204,4.291663,64.71417378468742,4.291663,50.869204,5244664.445982446,10115009.09560485,POINT (4.291663 50.869204)
59,50.849681,4.375312,96.37342650648665,4.375312,50.849681,5247232.243272259,10122672.056687586,POINT (4.375312 50.849681)
17,50.855358,4.339465,56.75249183067117,4.339465,50.855358,5246518.5625794595,10119398.535604177,POINT (4.339465 50.855358)
242,50.803791,4.333321,76.3416958980467,4.333321,50.803791,5253920.575656108,10119063.09190585,POINT (4.333321 50.803791)
173,50.864656,4.394448,57.519574868989494,4.394448,50.864656,5245034.538247323,10124339.271721164,POINT (4.394448 50.864656)
165,50.879668,4.33425,48.17521877633433,4.33425,50.879668,5243052.981607455,10118821.648695849,POINT (4.33425 50.879668)
215,50.836864,4.317321,58.82788419064223,4.317321,50.836864,5249226.550859517,10117470.211729947,POINT (4.317321 50.836864)
360,50.84157,4.46577,66.73375230482654,4.46577,50.84157,5248131.770954029,10130908.626118986,POINT (4.46577 50.84157)
352,50.814264,4.443479,84.54340930795571,4.443479,50.814264,5252108.196603896,10129014.731336389,POINT (4.443479 50.814264)
160,50.877501,4.380315,73.75048326917099,4.380315,50.877501,5243235.9585143225,10123002.011895776,POINT (4.380315 50.877501)
132,50.816338,4.433895,66.72542929234646,4.433895000000001,50.816338,5251839.263617439,10128135.469641771,POINT (4.433895 50.816338)
222,50.817162,4.280012,68.02026875579773,4.280012,50.817162,5252147.206898718,10114168.10856396,POINT (4.280012 50.817162)
77,50.827399,4.355281,75.20224253702122,4.355281,50.827399,5250478.648924255,10120953.708687583,POINT (4.355281 50.827399)
91,50.867773,4.335217,60.29484689817713,4.335217,50.867773,5244752.879531019,10118960.266687393,POINT (4.335217 50.867773)
10,50.841345,4.351729,100.05698751191534,4.351729,50.841345,5248491.308845131,10120570.83657504,POINT (4.351729 50.841345)
364,50.880887,4.374248,71.99408013491991,4.374248,50.88088700000001,5242768.372304999,10122437.713184988,POINT (4.374248 50.880887)
